player,x,y
Unai Simón,10.5,18.0
Unai Simón,11.0,22.2
Unai Simón,27.0,38.1
Unai Simón,13.4,30.6
Unai Simón,7.9,16.2
Unai Simón,3.1,21.4
Unai Simón,21.3,41.8
Unai Simón,13.8,37.7
Unai Simón,28.5,34.6
Unai Simón,3.8,38.0
Unai Simón,4.3,34.0
Unai Simón,2.1,25.4
Unai Simón,8.6,26.3
Unai Simón,4.5,30.3
Unai Simón,18.0,31.8
Unai Simón,18.9,20.2
Unai Simón,20.0,18.4
Unai Simón,14.1,30.6
Unai Simón,15.4,31.0
Unai Simón,6.5,31.0
Unai Simón,11.8,17.2
Unai Simón,12.0,15.7
Unai Simón,13.2,18.0
Unai Simón,19.1,30.8
Unai Simón,12.6,35.4
Unai Simón,13.2,36.7
Unai Simón,12.9,36.5
Unai Simón,27.1,25.9
Unai Simón,3.5,30.8
Unai Simón,14.1,39.8
Unai Simón,18.0,34.8
Unai Simón,6.8,47.2
Unai Simón,13.8,46.0
Unai Simón,1.6,34.6
Unai Simón,1.6,34.6
Unai Simón,8.5,32.9
Unai Simón,4.1,32.6
Pau Cubarsí,20.7,41.1
Pau Cubarsí,67.1,45.3
Pau Cubarsí,62.2,55.1
Pau Cubarsí,47.4,62.4
Pau Cubarsí,64.7,62.2
Pau Cubarsí,39.8,37.6
Pau Cubarsí,45.3,38.3
Pau Cubarsí,56.6,41.5
Pau Cubarsí,50.9,39.8
Pau Cubarsí,35.1,49.8
Pau Cubarsí,44.6,52.8
Pau Cubarsí,60.0,37.1
Pau Cubarsí,54.8,50.0
Pau Cubarsí,67.5,32.6
Pau Cubarsí,27.4,49.5
Pau Cubarsí,50.4,62.4
Pau Cubarsí,49.4,62.8
Pau Cubarsí,21.5,44.6
Pau Cubarsí,60.1,47.6
Pau Cubarsí,69.8,38.1
Pau Cubarsí,56.7,37.7
Pau Cubarsí,48.4,46.3
Pau Cubarsí,64.6,51.0
Pau Cubarsí,57.7,59.5
Pau Cubarsí,69.8,52.5
Pau Cubarsí,63.3,62.8
Pau Cubarsí,34.2,60.9
Pau Cubarsí,70.4,49.2
Pau Cubarsí,29.6,51.6
Pau Cubarsí,28.5,51.2
Pau Cubarsí,77.2,38.8
Pau Cubarsí,46.7,34.2
Pau Cubarsí,55.8,42.8
Pau Cubarsí,66.2,49.0
Pau Cubarsí,70.3,49.6
Pau Cubarsí,25.9,46.5
Pau Cubarsí,40.2,46.2
Pau Cubarsí,41.7,47.9
Pau Cubarsí,27.7,42.5
Pau Cubarsí,52.0,45.1
Pau Cubarsí,65.3,25.0
Pau Cubarsí,14.9,46.0
Pau Cubarsí,54.7,39.6
Pau Cubarsí,59.4,46.3
Pau Cubarsí,55.7,48.5
Pau Cubarsí,37.4,50.4
Pau Cubarsí,33.8,42.9
Pau Cubarsí,67.5,43.6
Pau Cubarsí,70.8,44.8
Pau Cubarsí,71.5,51.6
Pau Cubarsí,49.0,36.9
Pau Cubarsí,73.5,37.6
Pau Cubarsí,36.5,38.5
Pau Cubarsí,55.4,46.2
Pau Cubarsí,57.2,50.4
Pau Cubarsí,70.8,45.9
Pau Cubarsí,35.0,43.4
Pau Cubarsí,35.0,43.4
Pau Cubarsí,51.4,47.5
Pau Cubarsí,50.8,47.1
Pau Cubarsí,42.1,49.8
Pau Cubarsí,59.5,51.6
Pau Cubarsí,47.9,51.2
Pau Cubarsí,68.9,45.2
Pau Cubarsí,33.7,18.8
Pau Cubarsí,32.1,19.0
Pau Cubarsí,58.8,39.3
Pau Cubarsí,57.0,46.7
Pau Cubarsí,66.5,34.8
Pau Cubarsí,71.7,47.9
Pau Cubarsí,60.2,37.7
Pau Cubarsí,57.4,23.2
Pau Cubarsí,69.1,47.9
Pau Cubarsí,65.6,45.9
Pau Cubarsí,77.6,44.6
Pau Cubarsí,64.0,50.7
Pau Cubarsí,62.4,45.9
Pau Cubarsí,70.2,45.4
Pau Cubarsí,70.9,41.3
Pau Cubarsí,63.1,21.5
Pau Cubarsí,61.5,19.1
Pau Cubarsí,57.6,40.1
Pau Cubarsí,37.5,42.9
Pau Cubarsí,75.1,47.9
Pau Cubarsí,56.3,41.4
Pau Cubarsí,40.0,38.6
Pau Cubarsí,57.3,24.4
Pau Cubarsí,55.4,19.7
Pau Cubarsí,55.4,19.7
Pau Cubarsí,72.6,34.9
Pau Cubarsí,66.9,48.9
Pau Cubarsí,71.8,52.5
Pau Cubarsí,41.6,46.7
Pau Cubarsí,72.4,35.8
Pau Cubarsí,69.5,48.3
Pau Cubarsí,77.2,45.1
Pau Cubarsí,49.9,54.0
Pau Cubarsí,76.6,44.1
Pau Cubarsí,73.7,46.7
Pau Cubarsí,34.9,56.6
Pau Cubarsí,23.8,26.2
Pau Cubarsí,29.4,37.7
Pau Cubarsí,63.3,47.9
Pau Cubarsí,58.3,37.7
Pau Cubarsí,68.4,59.3
Pau Cubarsí,67.7,55.5
Pau Cubarsí,57.4,28.7
Pau Cubarsí,57.2,23.6
Pau Cubarsí,49.4,51.2
Pau Cubarsí,49.3,29.0
Pau Cubarsí,72.5,35.1
Pau Cubarsí,73.8,34.6
Pau Cubarsí,70.1,34.7
Pau Cubarsí,60.0,34.5
Pau Cubarsí,61.5,44.2
Pau Cubarsí,67.4,48.9
Pau Cubarsí,73.0,37.4
Pau Cubarsí,36.1,59.3
Pau Cubarsí,75.3,44.8
Pau Cubarsí,23.3,48.3
Pau Cubarsí,29.6,52.4
Pau Cubarsí,75.7,38.6
Rodri,26.7,18.0
Rodri,40.7,15.8
Rodri,49.6,16.4
Rodri,65.3,23.2
Rodri,70.1,21.3
Rodri,59.8,18.8
Rodri,62.0,20.5
Rodri,57.1,4.3
Rodri,57.1,4.3
Rodri,56.1,47.1
Rodri,64.2,57.6
Rodri,49.2,30.3
Rodri,66.0,57.6
Rodri,54.4,32.9
Rodri,47.7,46.0
Rodri,72.7,18.3
Rodri,56.3,49.0
Rodri,65.0,49.5
Rodri,49.7,44.8
Rodri,64.2,40.6
Rodri,59.5,47.7
Rodri,51.9,37.7
Rodri,58.6,64.5
Rodri,68.2,25.2
Rodri,76.9,29.6
Rodri,60.5,21.9
Rodri,60.5,21.9
Rodri,59.0,22.0
Rodri,73.9,39.6
Rodri,59.9,29.6
Rodri,65.5,35.5
Rodri,69.1,51.4
Rodri,69.1,51.4
Rodri,73.5,46.9
Rodri,63.7,34.0
Rodri,60.5,20.3
Rodri,74.6,17.4
Rodri,74.0,15.9
Rodri,73.9,16.9
Rodri,63.5,23.2
Rodri,71.1,30.8
Rodri,14.7,43.0
Rodri,69.4,30.3
Rodri,57.4,28.7
Rodri,69.5,19.0
Rodri,66.9,13.0
Rodri,55.5,46.9
Rodri,72.7,22.3
Rodri,72.9,30.8
Rodri,61.2,20.8
Rodri,67.5,30.3
Rodri,34.7,30.9
Rodri,25.7,43.2
Rodri,56.5,39.4
Rodri,62.7,20.8
Rodri,73.8,52.8
Rodri,77.2,50.6
Rodri,79.6,46.9
Rodri,90.0,16.6
Rodri,85.6,18.6
Rodri,36.8,16.0
Rodri,66.6,31.7
Rodri,77.3,18.0
Rodri,76.6,13.2
Rodri,78.7,11.7
Rodri,44.4,44.8
Rodri,78.9,10.8
Rodri,76.5,7.9
Rodri,98.9,11.7
Rodri,101.0,54.6
Rodri,101.4,28.0
Rodri,56.5,38.3
Rodri,59.2,20.5
Rodri,72.8,32.6
Rodri,77.3,28.4
Rodri,69.5,24.1
Rodri,68.1,13.3
Rodri,68.1,13.3
Rodri,67.1,12.5
Rodri,73.8,37.5
Rodri,75.3,51.6
Rodri,72.8,51.0
Rodri,66.2,42.5
Rodri,72.7,16.9
Rodri,68.2,17.6
Rodri,46.8,36.9
Rodri,65.4,27.7
Rodri,69.7,25.2
Rodri,70.9,20.8
Rodri,69.7,30.9
Rodri,66.0,34.7
Rodri,77.1,48.3
Rodri,77.1,52.7
Rodri,77.4,45.2
Rodri,63.3,9.7
Rodri,24.7,22.8
Rodri,33.2,23.6
Rodri,61.7,50.0
Rodri,78.1,9.6
Rodri,74.3,5.8
Rodri,68.6,15.7
Rodri,75.4,43.6
Rodri,75.8,47.5
Rodri,77.0,52.3
Rodri,60.9,10.8
Rodri,76.3,5.0
Rodri,76.7,15.3
Rodri,73.7,26.2
Rodri,79.6,15.6
Rodri,73.8,20.7
Rodri,82.9,16.8
Rodri,78.0,16.2
Rodri,85.2,5.6
Rodri,95.1,32.9
Rodri,73.6,54.6
Rodri,76.5,47.5
Rodri,78.1,59.5
Rodri,40.2,39.9
Rodri,74.9,47.4
Rodri,76.5,51.0
Rodri,82.3,51.4
Rodri,75.6,31.5
Rodri,66.8,51.0
Rodri,80.0,49.0
Rodri,73.7,45.7
Rodri,77.0,21.3
Rodri,58.5,36.9
Rodri,72.7,42.5
Rodri,78.3,3.9
Rodri,96.7,6.0
Rodri,34.9,55.3
Rodri,52.4,25.0
Rodri,75.7,19.7
Rodri,25.0,48.1
Rodri,49.6,36.3
Rodri,69.2,37.0
Rodri,73.4,25.0
Rodri,76.9,23.0
Rodri,84.0,24.1
Rodri,65.1,44.6
Rodri,77.2,24.6
Rodri,79.3,22.7
Rodri,77.1,42.8
Marc Cucurella,35.9,3.5
Marc Cucurella,78.0,12.2
Marc Cucurella,82.4,13.6
Marc Cucurella,58.3,6.8
Marc Cucurella,66.3,2.4
Marc Cucurella,66.7,4.1
Marc Cucurella,73.7,0.0
Marc Cucurella,79.2,3.1
Marc Cucurella,77.2,2.9
Marc Cucurella,57.2,4.7
Marc Cucurella,90.6,0.0
Marc Cucurella,58.2,6.2
Marc Cucurella,75.1,4.7
Marc Cucurella,57.7,16.0
Marc Cucurella,61.2,26.0
Marc Cucurella,77.4,4.3
Marc Cucurella,73.9,3.0
Marc Cucurella,78.3,6.4
Marc Cucurella,77.4,12.3
Marc Cucurella,75.6,8.5
Marc Cucurella,75.1,3.3
Marc Cucurella,72.2,3.9
Marc Cucurella,21.2,7.2
Marc Cucurella,7.7,19.3
Marc Cucurella,96.5,13.0
Marc Cucurella,92.4,16.4
Marc Cucurella,89.8,20.2
Marc Cucurella,60.1,23.9
Marc Cucurella,48.4,9.7
Marc Cucurella,28.9,6.6
Marc Cucurella,32.1,24.6
Marc Cucurella,66.5,3.9
Marc Cucurella,85.7,4.3
Marc Cucurella,75.6,11.9
Marc Cucurella,77.3,3.5
Marc Cucurella,102.1,26.4
Marc Cucurella,44.3,6.8
Marc Cucurella,76.1,2.5
Marc Cucurella,90.4,5.4
Marc Cucurella,95.1,7.8
Marc Cucurella,39.8,17.3
Marc Cucurella,87.5,5.6
Marc Cucurella,72.7,7.3
Marc Cucurella,73.5,3.4
Marc Cucurella,57.5,7.5
Marc Cucurella,76.6,6.6
Marc Cucurella,71.9,0.0
Marc Cucurella,49.2,11.4
Marc Cucurella,81.8,14.5
Marc Cucurella,36.1,6.0
Marc Cucurella,30.4,0.0
Marc Cucurella,87.1,4.5
Marc Cucurella,78.8,42.2
Marc Cucurella,97.3,5.4
Marc Cucurella,96.6,18.9
Marc Cucurella,69.3,28.5
Marc Cucurella,29.7,32.7
Marc Cucurella,84.3,8.7
Marc Cucurella,91.0,5.6
Marc Cucurella,92.4,3.1
Marc Cucurella,92.2,7.9
Marc Cucurella,43.6,15.3
Marc Cucurella,80.5,20.4
Marc Cucurella,91.0,3.1
Marc Cucurella,64.2,3.9
Marc Cucurella,93.1,24.4
Marc Cucurella,90.5,9.3
Marc Cucurella,93.6,18.3
Marc Cucurella,92.0,24.8
Marc Cucurella,90.0,4.3
Marc Cucurella,89.8,7.8
Marc Cucurella,94.3,9.8
Marc Cucurella,94.1,3.7
Marc Cucurella,93.3,2.8
Marc Cucurella,82.6,45.3
Marc Cucurella,101.7,0.0
Marc Cucurella,77.4,19.2
Marc Cucurella,79.8,16.2
Marc Cucurella,71.9,27.0
Marc Cucurella,89.3,5.8
Marc Cucurella,99.2,28.0
Marc Cucurella,73.4,3.1
Marc Cucurella,95.7,7.8
Marc Cucurella,90.7,9.1
Marc Cucurella,79.2,8.3
Marc Cucurella,101.0,12.5
Marc Cucurella,103.7,15.5
Marc Cucurella,77.4,39.4
Marc Cucurella,39.0,25.1
Marc Cucurella,93.0,11.2
Aymeric Laporte,37.4,29.2
Aymeric Laporte,47.5,28.7
Aymeric Laporte,59.4,34.9
Aymeric Laporte,61.0,24.1
Aymeric Laporte,59.5,37.8
Aymeric Laporte,54.5,26.5
Aymeric Laporte,51.1,6.6
Aymeric Laporte,42.9,4.1
Aymeric Laporte,45.3,19.7
Aymeric Laporte,49.9,19.3
Aymeric Laporte,53.9,47.2
Aymeric Laporte,47.7,11.0
Aymeric Laporte,44.9,11.0
Aymeric Laporte,50.1,18.0
Aymeric Laporte,58.7,17.3
Aymeric Laporte,55.8,13.1
Aymeric Laporte,70.2,14.3
Aymeric Laporte,75.5,4.3
Aymeric Laporte,36.3,41.2
Aymeric Laporte,36.3,41.2
Aymeric Laporte,54.0,26.2
Aymeric Laporte,55.6,38.0
Aymeric Laporte,65.4,21.5
Aymeric Laporte,58.5,20.9
Aymeric Laporte,58.7,30.3
Aymeric Laporte,49.7,31.7
Aymeric Laporte,56.9,33.9
Aymeric Laporte,57.0,38.1
Aymeric Laporte,72.5,36.3
Aymeric Laporte,60.8,25.7
Aymeric Laporte,61.9,21.5
Aymeric Laporte,60.5,17.1
Aymeric Laporte,34.8,25.1
Aymeric Laporte,40.4,23.2
Aymeric Laporte,56.9,29.9
Aymeric Laporte,14.5,34.7
Aymeric Laporte,15.2,16.2
Aymeric Laporte,74.6,10.8
Aymeric Laporte,56.5,5.6
Aymeric Laporte,36.6,20.3
Aymeric Laporte,57.0,56.9
Aymeric Laporte,57.1,52.0
Aymeric Laporte,39.2,11.9
Aymeric Laporte,33.0,21.4
Aymeric Laporte,62.9,21.1
Aymeric Laporte,57.5,16.6
Aymeric Laporte,62.9,20.9
Aymeric Laporte,73.1,23.2
Aymeric Laporte,18.5,22.1
Aymeric Laporte,60.7,13.8
Aymeric Laporte,75.5,23.9
Aymeric Laporte,77.2,18.9
Aymeric Laporte,59.3,17.5
Aymeric Laporte,69.7,18.0
Aymeric Laporte,74.7,18.0
Aymeric Laporte,20.0,18.6
Aymeric Laporte,32.5,27.4
Aymeric Laporte,63.3,21.1
Aymeric Laporte,32.7,30.0
Aymeric Laporte,62.0,22.2
Aymeric Laporte,64.0,34.2
Aymeric Laporte,65.1,30.0
Aymeric Laporte,98.3,35.4
Aymeric Laporte,96.5,36.0
Aymeric Laporte,102.7,30.3
Aymeric Laporte,36.1,9.4
Aymeric Laporte,68.1,18.0
Aymeric Laporte,61.0,22.3
Aymeric Laporte,78.1,17.8
Aymeric Laporte,70.4,19.2
Aymeric Laporte,69.9,18.0
Aymeric Laporte,73.8,17.8
Aymeric Laporte,61.6,13.4
Aymeric Laporte,73.6,15.5
Aymeric Laporte,76.4,11.4
Aymeric Laporte,51.0,8.5
Aymeric Laporte,70.8,21.6
Aymeric Laporte,71.2,30.2
Aymeric Laporte,64.4,30.6
Aymeric Laporte,75.3,23.6
Aymeric Laporte,75.5,20.9
Aymeric Laporte,67.7,10.3
Aymeric Laporte,41.4,26.0
Aymeric Laporte,59.5,16.6
Aymeric Laporte,9.7,6.4
Aymeric Laporte,61.7,19.5
Aymeric Laporte,34.8,7.2
Aymeric Laporte,34.1,7.2
Aymeric Laporte,77.4,26.8
Aymeric Laporte,77.3,25.9
Aymeric Laporte,63.1,9.9
Aymeric Laporte,76.3,16.4
Aymeric Laporte,78.5,16.6
Aymeric Laporte,66.9,17.6
Aymeric Laporte,75.6,25.0
Aymeric Laporte,79.6,18.5
Aymeric Laporte,35.6,39.7
Aymeric Laporte,33.2,38.8
Aymeric Laporte,29.3,25.2
Aymeric Laporte,49.4,20.8
Aymeric Laporte,73.1,24.2
Aymeric Laporte,74.6,20.6
Aymeric Laporte,74.5,31.9
Aymeric Laporte,96.1,32.7
Aymeric Laporte,38.3,21.7
Aymeric Laporte,77.1,20.5
Aymeric Laporte,77.9,16.2
Aymeric Laporte,74.4,19.5
Aymeric Laporte,82.9,18.6
Aymeric Laporte,47.9,17.1
Aymeric Laporte,73.8,29.9
Aymeric Laporte,101.2,5.1
Aymeric Laporte,79.2,17.2
Aymeric Laporte,80.0,17.2
Aymeric Laporte,81.3,11.9
Aymeric Laporte,78.5,7.4
Aymeric Laporte,78.9,7.2
Aymeric Laporte,77.9,4.5
Aymeric Laporte,97.3,35.1
Aymeric Laporte,29.5,27.6
Aymeric Laporte,71.3,30.1
Aymeric Laporte,44.3,24.4
Aymeric Laporte,44.3,24.4
Aymeric Laporte,60.0,15.0
Aymeric Laporte,67.4,13.1
Aymeric Laporte,56.7,50.0
Aymeric Laporte,58.0,30.3
Aymeric Laporte,36.1,28.0
Aymeric Laporte,36.1,28.0
Aymeric Laporte,68.8,20.7
Aymeric Laporte,74.3,17.6
Aymeric Laporte,44.7,21.5
Aymeric Laporte,31.5,52.8
Aymeric Laporte,31.9,52.6
Aymeric Laporte,72.6,20.6
Aymeric Laporte,24.4,25.5
Aymeric Laporte,68.2,0.0
Pedri,61.3,44.8
Pedri,69.2,47.9
Pedri,67.7,20.6
Pedri,70.1,28.0
Pedri,95.9,62.4
Pedri,98.2,63.5
Pedri,100.5,62.6
Pedri,63.5,22.2
Pedri,67.7,6.0
Pedri,73.0,40.8
Pedri,77.5,62.2
Pedri,80.1,54.4
Pedri,67.2,36.4
Pedri,69.3,37.9
Pedri,104.5,67.7
Pedri,98.6,63.0
Pedri,83.3,22.9
Pedri,83.2,18.7
Pedri,83.2,18.7
Pedri,76.0,50.2
Pedri,72.8,9.3
Pedri,67.2,29.7
Pedri,70.2,51.6
Pedri,70.6,30.3
Pedri,96.8,59.7
Pedri,78.5,8.1
Pedri,103.4,60.2
Pedri,67.2,33.4
Pedri,75.5,30.6
Pedri,70.1,33.5
Pedri,74.4,18.2
Pedri,49.0,38.1
Pedri,76.7,33.8
Pedri,76.9,34.2
Pedri,78.9,24.6
Pedri,78.3,39.9
Pedri,104.5,0.3
Pedri,93.0,3.2
Pedri,59.4,10.6
Pedri,48.9,11.5
Pedri,42.2,20.3
Pedri,55.5,27.5
Pedri,81.6,7.4
Pedri,79.7,8.5
Pedri,55.1,10.8
Pedri,50.5,19.5
Pedri,72.7,30.3
Pedri,74.8,37.2
Pedri,75.2,19.1
Pedri,85.4,18.9
Pedri,79.7,20.9
Pedri,94.1,15.6
Pedri,104.5,67.7
Pedri,104.5,0.3
Pedri,76.0,37.0
Pedri,81.6,49.5
Pedri,76.1,16.2
Pedri,76.1,16.2
Pedri,74.9,16.6
Pedri,101.8,11.4
Pedri,81.0,23.4
Pedri,75.8,25.1
Pedri,53.6,19.7
Pedri,66.6,49.4
Pedri,71.6,42.7
Pedri,74.8,36.3
Pedri,78.3,36.0
Pedri,63.9,27.6
Pedri,78.1,52.7
Pedri,103.0,58.7
Pedri,75.3,23.8
Pedri,75.6,18.4
Pedri,75.6,18.4
Pedri,93.1,65.1
Pedri,82.8,10.5
Pedri,77.4,49.4
Pedri,104.5,67.7
Pedri,66.2,46.0
Pedri,104.5,67.7
Pedri,75.7,52.3
Pedri,78.3,15.6
Pedri,79.4,20.8
Pedri,91.9,8.5
Pedri,78.5,10.2
Pedri,81.1,10.2
Pedri,70.3,33.5
Pedri,76.6,37.1
Pedri,69.4,29.5
Pedri,68.3,30.9
Pedri,77.4,25.1
Pedri,65.7,48.3
Pedri,78.4,17.8
Pedri,77.1,23.2
Pedri,91.0,52.1
Pedri,104.5,67.7
Pedri,40.7,45.2
Pedri,45.7,34.2
Pedri,45.7,34.2
Pedri,79.0,35.6
Pedri,76.1,30.2
Pedri,74.6,24.6
Pedri,50.3,23.0
Pedri,61.9,25.2
Pedri,75.1,26.9
Pedri,73.4,38.6
Pedri,86.5,48.6
Pedri,94.0,45.3
Pedri,91.9,46.5
Pedri,67.5,45.9
Pedri,81.9,4.5
Pedri,80.5,5.8
Pedri,74.7,26.3
Pedri,82.2,34.7
Pedri,75.8,26.0
Pedri,76.0,25.1
Pedri,80.6,18.0
Pedri,89.0,15.3
Pedri,83.6,6.2
Pedri,78.8,9.8
Pedri,78.1,24.0
Pedri,76.1,45.5
Pedri,71.9,55.6
Pedri,34.8,59.9
Pedri,70.6,47.5
Pedri,77.5,53.7
Pedri,71.9,46.3
Pedri,58.5,56.4
Pedri,78.7,47.1
Pedri,75.2,45.9
Pedri,89.1,56.5
Pedri,76.4,52.0
Pedri,60.7,43.4
Pedri,66.0,15.1
Pedri,104.5,0.3
Pedri,67.1,9.5
Pedri,73.6,36.0
Pedri,79.4,18.2
Pedri,78.7,17.0
Pedri,69.8,34.6
Pedri,46.7,19.7
Pedri,77.3,19.0
Marcos Llorente,75.8,62.8
Marcos Llorente,85.9,63.3
Marcos Llorente,77.8,63.0
Marcos Llorente,74.6,65.1
Marcos Llorente,57.5,57.7
Marcos Llorente,61.0,52.8
Marcos Llorente,46.4,58.9
Marcos Llorente,48.4,54.2
Marcos Llorente,37.5,62.2
Marcos Llorente,42.5,55.2
Marcos Llorente,32.1,62.4
Marcos Llorente,74.4,63.3
Marcos Llorente,63.1,68.0
Marcos Llorente,64.2,63.0
Marcos Llorente,70.8,49.3
Marcos Llorente,65.7,64.9
Marcos Llorente,71.3,58.9
Marcos Llorente,49.4,61.8
Marcos Llorente,59.3,62.8
Marcos Llorente,59.4,63.3
Marcos Llorente,77.6,63.9
Marcos Llorente,103.4,48.6
Marcos Llorente,82.0,63.0
Marcos Llorente,74.7,63.7
Marcos Llorente,45.2,59.5
Marcos Llorente,74.7,61.6
Marcos Llorente,31.9,54.8
Marcos Llorente,54.0,54.8
Marcos Llorente,30.5,68.0
Marcos Llorente,57.4,61.4
Marcos Llorente,71.1,64.6
Marcos Llorente,57.2,58.7
Marcos Llorente,75.6,61.8
Marcos Llorente,58.7,62.6
Marcos Llorente,17.4,49.0
Marcos Llorente,13.7,56.8
Marcos Llorente,79.8,62.6
Marcos Llorente,77.9,61.6
Marcos Llorente,36.7,58.4
Marcos Llorente,36.7,58.4
Marcos Llorente,42.7,61.4
Marcos Llorente,44.8,63.3
Marcos Llorente,46.6,61.8
Marcos Llorente,72.8,60.2
Marcos Llorente,84.2,60.3
Marcos Llorente,40.2,52.2
Marcos Llorente,70.3,63.3
Marcos Llorente,91.5,62.0
Marcos Llorente,59.0,58.5
Marcos Llorente,58.9,63.2
Marcos Llorente,45.3,57.4
Marcos Llorente,98.4,51.6
Marcos Llorente,62.8,64.1
Marcos Llorente,70.1,63.3
Marcos Llorente,84.1,62.8
Marcos Llorente,79.2,61.6
Marcos Llorente,100.5,52.0
Marcos Llorente,64.7,55.7
Marcos Llorente,70.8,62.2
Marcos Llorente,62.2,60.5
Marcos Llorente,67.3,63.0
Marcos Llorente,62.6,61.2
Marcos Llorente,46.7,63.9
Marcos Llorente,58.5,62.4
Marcos Llorente,77.0,64.1
Marcos Llorente,80.8,68.0
Marcos Llorente,56.0,35.3
Marcos Llorente,57.4,49.3
Marcos Llorente,51.5,63.7
Marcos Llorente,73.0,56.3
Marcos Llorente,93.5,60.4
Marcos Llorente,78.3,64.1
Marcos Llorente,74.5,52.9
Marcos Llorente,70.6,60.1
Marcos Llorente,45.0,56.3
Marcos Llorente,46.8,68.0
Marcos Llorente,92.1,63.0
Marcos Llorente,98.1,64.7
Marcos Llorente,94.1,56.7
Marcos Llorente,95.1,52.9
Marcos Llorente,102.7,56.9
Marcos Llorente,76.9,68.0
Marcos Llorente,81.4,53.7
Marcos Llorente,77.6,63.2
Marcos Llorente,91.9,51.0
Marcos Llorente,76.3,61.0
Marcos Llorente,75.2,60.6
Marcos Llorente,84.2,60.2
Marcos Llorente,87.5,50.7
Marcos Llorente,69.2,64.3
Marcos Llorente,59.7,59.9
Marcos Llorente,79.9,57.9
Marcos Llorente,78.0,50.9
Marcos Llorente,95.6,47.2
Marcos Llorente,73.4,49.1
Marcos Llorente,76.9,47.7
Marcos Llorente,71.9,51.4
Marcos Llorente,76.5,49.1
Marcos Llorente,78.0,50.4
Marcos Llorente,27.4,58.8
Marcos Llorente,80.9,59.1
Marcos Llorente,91.7,52.8
Marcos Llorente,91.3,63.0
Marcos Llorente,64.4,63.5
Marcos Llorente,62.9,68.0
Marcos Llorente,70.8,68.0
Marcos Llorente,37.9,63.3
Marcos Llorente,43.5,68.0
Marcos Llorente,58.4,63.4
Marcos Llorente,68.1,28.0
Marcos Llorente,24.9,56.3
Fabián Ruiz,71.5,53.3
Fabián Ruiz,77.3,36.3
Fabián Ruiz,73.6,61.8
Fabián Ruiz,73.3,68.0
Fabián Ruiz,67.2,40.6
Fabián Ruiz,56.0,33.8
Fabián Ruiz,60.4,55.1
Fabián Ruiz,59.4,55.5
Fabián Ruiz,89.9,61.8
Fabián Ruiz,64.0,19.1
Fabián Ruiz,66.9,18.5
Fabián Ruiz,57.3,22.8
Fabián Ruiz,70.6,11.9
Fabián Ruiz,72.2,12.8
Fabián Ruiz,66.0,25.0
Fabián Ruiz,56.6,18.9
Fabián Ruiz,60.4,26.1
Fabián Ruiz,81.5,6.0
Fabián Ruiz,55.1,36.6
Fabián Ruiz,57.2,28.1
Fabián Ruiz,59.6,22.3
Fabián Ruiz,64.9,18.5
Fabián Ruiz,68.9,11.9
Fabián Ruiz,72.7,12.7
Fabián Ruiz,72.5,30.0
Fabián Ruiz,63.6,16.4
Fabián Ruiz,70.8,41.3
Fabián Ruiz,76.0,23.0
Fabián Ruiz,62.6,47.9
Fabián Ruiz,93.9,63.0
Fabián Ruiz,67.1,48.9
Fabián Ruiz,70.1,48.5
Fabián Ruiz,77.0,55.0
Fabián Ruiz,81.5,36.6
Fabián Ruiz,79.0,29.6
Fabián Ruiz,86.1,34.9
Fabián Ruiz,42.1,24.8
Fabián Ruiz,48.1,39.1
Fabián Ruiz,50.1,30.1
Fabián Ruiz,66.9,17.2
Fabián Ruiz,42.1,54.9
Fabián Ruiz,71.9,51.8
Fabián Ruiz,83.3,57.1
Fabián Ruiz,60.8,23.2
Fabián Ruiz,60.8,23.2
Fabián Ruiz,46.8,22.5
Fabián Ruiz,57.3,39.6
Fabián Ruiz,76.9,52.4
Fabián Ruiz,23.6,62.8
Fabián Ruiz,70.7,59.2
Fabián Ruiz,70.4,56.4
Fabián Ruiz,75.6,43.0
Fabián Ruiz,79.0,41.3
Fabián Ruiz,73.6,38.4
Fabián Ruiz,79.7,30.8
Fabián Ruiz,65.6,50.2
Fabián Ruiz,77.6,50.2
Fabián Ruiz,42.5,18.3
Fabián Ruiz,72.7,20.4
Fabián Ruiz,72.7,20.4
Fabián Ruiz,48.0,24.6
Fabián Ruiz,74.4,30.6
Fabián Ruiz,77.2,54.9
Fabián Ruiz,73.8,50.9
Fabián Ruiz,79.2,49.6
Fabián Ruiz,84.2,31.7
Fabián Ruiz,81.1,31.5
Fabián Ruiz,76.0,47.7
Fabián Ruiz,80.9,56.1
Fabián Ruiz,86.7,43.7
Fabián Ruiz,88.1,62.6
Fabián Ruiz,63.0,23.7
Fabián Ruiz,50.1,43.2
Fabián Ruiz,51.1,48.3
Fabián Ruiz,96.3,33.6
Fabián Ruiz,96.3,33.6
Fabián Ruiz,80.8,58.2
Fabián Ruiz,82.3,60.5
Fabián Ruiz,61.3,43.6
Fabián Ruiz,58.6,49.8
Fabián Ruiz,61.7,59.1
Fabián Ruiz,100.2,56.2
Fabián Ruiz,65.0,60.4
Fabián Ruiz,65.8,56.6
Fabián Ruiz,77.6,53.5
Fabián Ruiz,77.5,55.3
Fabián Ruiz,72.1,36.4
Fabián Ruiz,81.5,50.6
Fabián Ruiz,67.6,64.3
Fabián Ruiz,73.5,55.4
Fabián Ruiz,70.6,49.2
Fabián Ruiz,84.2,53.1
Fabián Ruiz,75.7,59.7
Fabián Ruiz,85.0,52.5
Fabián Ruiz,82.8,65.3
Ferran Torres,85.7,51.4
Ferran Torres,98.3,61.4
Ferran Torres,102.4,61.5
Ferran Torres,100.2,58.7
Ferran Torres,83.1,59.1
Ferran Torres,83.1,59.1
Ferran Torres,79.4,64.9
Ferran Torres,92.0,60.6
Ferran Torres,75.1,64.1
Ferran Torres,91.2,63.0
Ferran Torres,84.6,63.9
Ferran Torres,102.3,57.2
Ferran Torres,75.6,62.4
Ferran Torres,72.8,49.2
Ferran Torres,74.0,65.4
Ferran Torres,96.4,63.7
Ferran Torres,64.5,68.0
Ferran Torres,81.0,43.9
Ferran Torres,101.3,50.2
Ferran Torres,87.9,63.7
Ferran Torres,79.3,63.0
Ferran Torres,18.4,59.1
Ferran Torres,44.2,65.4
Ferran Torres,47.9,58.6
Ferran Torres,86.3,63.9
Ferran Torres,82.3,63.9
Ferran Torres,62.7,51.6
Ferran Torres,61.2,51.6
Ferran Torres,79.3,39.6
Ferran Torres,75.4,58.3
Ferran Torres,67.4,63.7
Ferran Torres,87.2,55.8
Ferran Torres,85.1,54.6
Ferran Torres,81.7,58.8
Ferran Torres,75.7,61.6
Ferran Torres,84.3,61.6
Ferran Torres,81.7,64.5
Ferran Torres,100.3,34.7
Ferran Torres,101.0,31.4
Ferran Torres,101.0,31.4
Ferran Torres,87.0,28.1
Ferran Torres,45.6,47.7
Ferran Torres,45.2,48.3
Ferran Torres,93.7,38.0
Ferran Torres,55.1,49.1
Ferran Torres,55.1,49.1
Ferran Torres,67.6,64.1
Ferran Torres,83.8,48.1
Ferran Torres,79.8,64.9
Ferran Torres,78.1,64.7
Ferran Torres,70.8,46.3
Ferran Torres,74.2,40.1
Ferran Torres,75.5,64.9
Ferran Torres,72.4,64.9
Ferran Torres,71.0,33.2
Ferran Torres,87.0,64.9
Ferran Torres,91.0,65.3
Ferran Torres,88.8,59.9
Ferran Torres,102.8,58.0
Ferran Torres,102.5,43.0
Ferran Torres,83.3,58.2
Ferran Torres,96.4,64.1
Ferran Torres,68.5,63.9
Ferran Torres,68.1,63.9
Ferran Torres,76.6,65.1
Ferran Torres,81.5,64.7
Ferran Torres,84.6,45.2
Ferran Torres,87.5,36.9
Ferran Torres,83.7,25.4
Ferran Torres,95.0,22.0
Ferran Torres,91.0,37.4
Gavi,66.4,5.8
Gavi,65.7,3.9
Gavi,81.6,3.1
Gavi,85.6,11.8
Gavi,85.6,11.8
Gavi,98.9,8.6
Gavi,97.1,2.1
Gavi,66.8,3.3
Gavi,72.6,18.9
Gavi,76.7,23.3
Gavi,67.3,16.7
Gavi,68.3,5.4
Gavi,64.2,5.0
Gavi,86.0,17.3
Gavi,83.7,7.8
Gavi,77.8,17.0
Gavi,91.3,23.4
Gavi,69.0,3.7
Gavi,76.4,16.9
Gavi,72.9,33.6
Gavi,48.9,4.3
Gavi,47.1,4.3
Gavi,69.3,2.6
Gavi,72.7,18.8
Gavi,71.1,16.6
Gavi,93.0,9.1
Gavi,93.0,9.1
Gavi,37.9,17.3
Gavi,37.9,17.3
Gavi,63.9,10.5
Gavi,93.6,12.6
Gavi,61.5,5.6
Gavi,81.1,15.3
Gavi,70.3,18.0
Gavi,80.0,14.8
Gavi,94.2,19.7
Gavi,75.3,4.3
Gavi,86.3,24.0
Gavi,82.5,18.7
Gavi,84.6,24.0
Gavi,59.7,18.0
Gavi,68.5,21.6
Gavi,68.5,21.6
Gavi,77.4,16.4
Gavi,75.2,18.3
Gavi,73.4,11.1
Gavi,91.0,64.7
Gavi,90.3,64.1
Gavi,85.2,7.5
Gavi,99.0,7.9
Gavi,82.2,14.5
Mikel Oyarzabal,102.1,33.8
Mikel Oyarzabal,25.1,42.9
Mikel Oyarzabal,97.8,46.9
Mikel Oyarzabal,99.5,62.6
Mikel Oyarzabal,97.9,63.3
Mikel Oyarzabal,64.6,47.5
Mikel Oyarzabal,96.3,56.9
Mikel Oyarzabal,96.5,36.4
Mikel Oyarzabal,96.5,36.4
Mikel Oyarzabal,102.0,34.0
Mikel Oyarzabal,91.0,23.0
Mikel Oyarzabal,61.7,3.9
Mikel Oyarzabal,79.8,56.9
Mikel Oyarzabal,49.4,42.5
Mikel Oyarzabal,99.9,30.3
Mikel Oyarzabal,99.9,30.3
Mikel Oyarzabal,52.3,34.0
Mikel Oyarzabal,96.0,33.3
Mikel Oyarzabal,96.8,26.2
Mikel Oyarzabal,64.2,46.5
Mikel Oyarzabal,87.4,10.2
Mikel Oyarzabal,88.1,68.0
Mikel Oyarzabal,45.4,38.1
Mikel Oyarzabal,91.5,25.1
Mikel Oyarzabal,94.3,25.0
Mikel Oyarzabal,101.8,19.2
Mikel Oyarzabal,92.4,35.3
Mikel Oyarzabal,101.5,37.8
Mikel Oyarzabal,45.2,14.5
Mikel Oyarzabal,92.5,40.1
Mikel Oyarzabal,101.1,40.0
Lamine Yamal,72.5,63.1
Lamine Yamal,73.9,62.0
Lamine Yamal,89.7,58.8
Lamine Yamal,90.5,61.0
Lamine Yamal,94.9,64.1
Lamine Yamal,91.4,59.9
Lamine Yamal,83.1,65.3
Lamine Yamal,93.4,57.0
Lamine Yamal,91.8,61.2
Lamine Yamal,93.7,60.9
Lamine Yamal,96.6,56.3
Lamine Yamal,95.0,60.1
Lamine Yamal,102.0,47.4
Lamine Yamal,104.5,67.7
Lamine Yamal,77.4,53.5
Lamine Yamal,74.3,61.4
Lamine Yamal,75.1,56.9
Lamine Yamal,103.9,48.1
Lamine Yamal,103.0,48.6
Lamine Yamal,72.8,55.6
Lamine Yamal,92.6,61.2
Lamine Yamal,47.8,64.5
Lamine Yamal,77.6,65.7
Lamine Yamal,83.4,61.0
Lamine Yamal,81.4,53.5
Lamine Yamal,74.9,63.9
Lamine Yamal,104.5,67.7
Lamine Yamal,87.1,60.6
Lamine Yamal,82.2,61.6
Lamine Yamal,83.3,50.2
Lamine Yamal,73.5,54.9
Lamine Yamal,96.0,50.7
Lamine Yamal,92.2,60.3
Lamine Yamal,47.9,62.8
Lamine Yamal,60.5,58.6
Lamine Yamal,75.3,54.7
Lamine Yamal,82.6,56.6
Lamine Yamal,93.5,47.2
Lamine Yamal,99.9,47.2
Lamine Yamal,104.5,67.7
Mikel Merino,79.2,62.4
Mikel Merino,83.6,51.2
Mikel Merino,94.8,34.1
Mikel Merino,78.1,49.8
Mikel Merino,78.3,40.6
Mikel Merino,93.9,42.8
Mikel Merino,84.1,51.4
Mikel Merino,84.5,62.4
Mikel Merino,76.9,68.0
Mikel Merino,95.6,39.3
Mikel Merino,82.5,40.6
Mikel Merino,61.6,52.0
Mikel Merino,66.8,18.7
Mikel Merino,69.4,18.0
Mikel Merino,69.1,50.9
Dani Olmo,76.5,36.2
Dani Olmo,83.5,5.2
Dani Olmo,78.3,21.1
Dani Olmo,55.4,30.3
Dani Olmo,56.9,33.5
Dani Olmo,94.4,46.5
Dani Olmo,61.3,50.8
Dani Olmo,67.6,49.1
Dani Olmo,21.1,37.7
Dani Olmo,15.3,32.4
Dani Olmo,65.7,50.8
Dani Olmo,63.5,50.4
Dani Olmo,78.1,41.1
Nico Williams,74.9,10.5
Nico Williams,91.7,3.9
Nico Williams,90.4,12.4
Mikel Oyarzabal,52.6,33.9
Mikel Oyarzabal,63.2,27.2
Mikel Oyarzabal,60.0,31.0
Mikel Oyarzabal,60.9,30.2
Mikel Oyarzabal,96.4,16.2
Mikel Oyarzabal,27.7,8.3
Mikel Oyarzabal,58.8,34.2
Mikel Oyarzabal,58.8,34.2
Mikel Oyarzabal,71.8,50.3
Mikel Oyarzabal,81.0,18.9
Mikel Oyarzabal,81.7,23.7
Mikel Oyarzabal,99.0,23.4
Mikel Oyarzabal,91.2,23.3
Mikel Oyarzabal,89.6,18.1
Mikel Oyarzabal,95.6,24.6
Mikel Oyarzabal,95.6,24.6
Mikel Oyarzabal,101.3,22.9
Mikel Oyarzabal,101.3,22.9
Mikel Oyarzabal,100.1,29.4
Mikel Oyarzabal,47.2,45.3
Mikel Oyarzabal,102.7,37.7
Mikel Oyarzabal,58.8,46.9
Mikel Oyarzabal,47.8,60.1
Mikel Oyarzabal,63.9,62.8
Mikel Oyarzabal,95.5,13.5
Mikel Oyarzabal,98.2,13.0
Mikel Oyarzabal,75.3,23.1
Mikel Oyarzabal,75.8,16.7
Mikel Oyarzabal,93.1,26.0
Mikel Oyarzabal,95.6,23.7
Mikel Oyarzabal,61.8,22.1
Mikel Oyarzabal,58.1,21.6
Mikel Oyarzabal,36.9,29.6
Mikel Oyarzabal,91.7,31.1
Rodri,44.1,26.2
Rodri,76.2,29.8
Rodri,66.5,59.0
Rodri,59.5,60.1
Rodri,64.5,21.7
Rodri,84.5,6.6
Rodri,83.4,1.2
Rodri,63.8,13.5
Rodri,40.2,43.1
Rodri,40.2,43.1
Rodri,60.0,19.7
Rodri,65.9,35.5
Rodri,73.9,38.2
Rodri,73.4,24.8
Rodri,61.6,18.9
Rodri,39.3,44.4
Rodri,39.3,44.4
Rodri,26.6,16.7
Rodri,57.8,43.4
Rodri,57.9,45.1
Rodri,50.9,38.7
Rodri,62.9,19.6
Rodri,45.1,23.9
Rodri,40.4,21.6
Rodri,37.3,20.4
Rodri,71.1,33.3
Rodri,39.3,48.7
Rodri,63.0,15.7
Rodri,63.0,15.7
Rodri,30.9,45.0
Rodri,17.3,59.5
Rodri,63.9,53.7
Rodri,70.3,54.7
Rodri,76.5,52.6
Rodri,62.4,25.1
Rodri,73.6,23.4
Rodri,67.2,47.4
Rodri,69.9,50.3
Rodri,38.5,43.9
Rodri,42.5,22.9
Rodri,53.9,42.5
Rodri,68.0,15.7
Rodri,38.2,39.6
Rodri,50.1,32.5
Rodri,74.0,24.9
Rodri,76.9,43.9
Rodri,53.0,30.8
Rodri,66.0,20.6
Rodri,76.5,20.5
Rodri,63.9,46.2
Rodri,58.1,45.9
Rodri,45.2,19.9
Rodri,76.9,48.3
Rodri,79.7,43.9
Rodri,72.8,23.7
Rodri,75.5,20.7
Rodri,50.1,34.8
Rodri,49.3,32.9
Rodri,56.4,9.8
Rodri,70.7,35.8
Rodri,64.6,42.6
Rodri,74.0,40.1
Rodri,74.0,34.5
Rodri,14.6,43.6
Rodri,14.6,43.7
Rodri,50.1,35.5
Rodri,70.3,25.4
Rodri,71.5,39.1
Rodri,87.0,31.3
Rodri,58.7,33.3
Rodri,71.5,23.2
Rodri,72.1,25.9
Rodri,75.2,35.1
Rodri,73.3,31.8
Rodri,11.4,41.5
Rodri,11.5,41.5
Rodri,42.7,23.1
Rodri,61.8,50.4
Rodri,43.7,50.5
Rodri,64.1,42.0
Rodri,27.9,40.3
Rodri,28.5,48.3
Rodri,54.9,26.0
Rodri,57.5,39.1
Rodri,60.6,45.0
Rodri,52.1,56.7
Rodri,37.9,54.6
Rodri,48.5,27.5
Rodri,57.9,39.8
Rodri,74.4,30.7
Rodri,65.6,34.6
Rodri,77.3,49.3
Rodri,76.6,46.0
Rodri,75.2,25.5
Rodri,76.4,14.1
Rodri,78.7,13.1
Rodri,76.1,18.9
Rodri,48.2,19.9
Rodri,58.9,10.0
Rodri,30.6,42.0
Rodri,48.5,22.5
Rodri,54.9,45.0
Rodri,48.0,22.2
Rodri,62.3,58.4
Rodri,55.2,56.8
Rodri,32.0,31.4
Rodri,30.7,41.1
Rodri,71.0,31.2
Rodri,71.2,36.6
Rodri,29.1,52.6
Rodri,12.5,59.0
Rodri,11.6,59.9
Rodri,11.0,64.5
Rodri,28.0,58.6
Rodri,26.1,43.9
Rodri,27.9,41.6
Rodri,53.0,18.7
Rodri,49.4,19.7
Rodri,47.2,21.7
Rodri,31.0,56.4
Rodri,32.5,43.9
Rodri,43.4,53.7
Rodri,62.2,56.5
Rodri,35.1,40.6
Rodri,28.4,42.3
Rodri,67.3,37.8
Rodri,30.3,46.9
Rodri,41.8,42.6
Rodri,50.2,31.3
Rodri,56.9,19.3
Rodri,50.6,16.9
Rodri,55.4,24.1
Rodri,76.2,7.5
Rodri,6.2,19.1
Rodri,44.1,48.1
Rodri,44.8,40.6
Rodri,53.5,30.3
Rodri,62.2,23.4
Rodri,84.1,3.6
Rodri,50.6,2.8
Marc Cucurella,41.6,13.5
Marc Cucurella,76.4,8.7
Marc Cucurella,69.4,5.1
Marc Cucurella,77.6,3.4
Marc Cucurella,78.0,0.0
Marc Cucurella,38.7,4.9
Marc Cucurella,80.7,5.1
Marc Cucurella,49.2,6.0
Marc Cucurella,67.2,8.2
Marc Cucurella,80.5,21.9
Marc Cucurella,18.9,0.0
Marc Cucurella,54.2,3.4
Marc Cucurella,100.2,15.8
Marc Cucurella,60.8,3.7
Marc Cucurella,99.8,21.1
Marc Cucurella,29.2,17.7
Marc Cucurella,45.4,19.5
Marc Cucurella,61.1,8.4
Marc Cucurella,61.8,9.1
Marc Cucurella,69.0,12.0
Marc Cucurella,51.2,26.2
Marc Cucurella,46.5,5.8
Marc Cucurella,72.8,20.9
Marc Cucurella,75.4,14.1
Marc Cucurella,85.7,2.8
Marc Cucurella,96.0,8.3
Marc Cucurella,74.2,14.9
Marc Cucurella,73.9,10.7
Marc Cucurella,43.4,13.5
Marc Cucurella,79.1,22.5
Marc Cucurella,38.2,18.9
Marc Cucurella,38.2,18.9
Marc Cucurella,90.3,11.7
Marc Cucurella,93.1,15.0
Marc Cucurella,45.4,34.0
Marc Cucurella,43.2,8.7
Marc Cucurella,39.4,3.4
Marc Cucurella,56.9,10.1
Marc Cucurella,101.2,39.4
Marc Cucurella,58.1,13.5
Marc Cucurella,60.9,13.3
Marc Cucurella,56.0,11.3
Marc Cucurella,39.0,0.0
Marc Cucurella,52.7,14.3
Marc Cucurella,66.6,11.0
Marc Cucurella,75.3,0.0
Marc Cucurella,96.0,23.7
Marc Cucurella,100.3,12.7
Marc Cucurella,96.9,5.8
Marc Cucurella,92.7,6.0
Marc Cucurella,87.9,7.1
Marc Cucurella,62.2,0.0
Marc Cucurella,80.8,4.9
Marc Cucurella,36.6,14.6
Marc Cucurella,55.0,15.0
Marc Cucurella,16.6,3.2
Marc Cucurella,32.7,12.2
Marc Cucurella,35.2,12.7
Marc Cucurella,39.2,6.4
Marc Cucurella,50.8,21.6
Marc Cucurella,33.3,14.5
Marc Cucurella,32.3,12.6
Marc Cucurella,40.2,7.2
Marc Cucurella,34.3,3.0
Marc Cucurella,21.4,4.3
Marc Cucurella,68.4,10.4
Marc Cucurella,62.4,12.6
Marc Cucurella,35.5,19.0
Marc Cucurella,26.9,4.3
Marc Cucurella,13.0,16.9
Marc Cucurella,31.2,0.0
Marc Cucurella,35.2,4.9
Marc Cucurella,43.5,0.0
Marc Cucurella,33.7,2.8
Marc Cucurella,39.8,3.9
Marc Cucurella,39.5,28.2
Marc Cucurella,72.5,3.2
Marc Cucurella,89.2,3.0
Marc Cucurella,25.0,7.9
Marc Cucurella,70.1,3.7
Marc Cucurella,59.6,4.3
Marc Cucurella,80.5,18.5
Marc Cucurella,97.2,0.0
Marc Cucurella,58.9,9.9
Aymeric Laporte,37.7,25.4
Aymeric Laporte,61.6,19.5
Aymeric Laporte,68.2,30.8
Aymeric Laporte,25.6,33.4
Aymeric Laporte,40.2,22.7
Aymeric Laporte,18.2,18.3
Aymeric Laporte,60.0,24.1
Aymeric Laporte,34.7,18.9
Aymeric Laporte,47.7,19.9
Aymeric Laporte,45.8,24.5
Aymeric Laporte,71.8,18.5
Aymeric Laporte,21.3,5.1
Aymeric Laporte,39.8,16.7
Aymeric Laporte,56.4,18.5
Aymeric Laporte,73.9,21.1
Aymeric Laporte,31.9,25.7
Aymeric Laporte,31.9,25.7
Aymeric Laporte,18.0,29.8
Aymeric Laporte,60.3,24.4
Aymeric Laporte,46.8,22.9
Aymeric Laporte,95.7,30.3
Aymeric Laporte,47.6,16.3
Aymeric Laporte,33.9,25.0
Aymeric Laporte,65.9,24.1
Aymeric Laporte,74.7,20.9
Aymeric Laporte,29.5,27.4
Aymeric Laporte,42.7,40.4
Aymeric Laporte,42.7,40.4
Aymeric Laporte,31.4,33.8
Aymeric Laporte,43.6,22.5
Aymeric Laporte,55.9,19.3
Aymeric Laporte,64.8,35.1
Aymeric Laporte,53.7,6.2
Aymeric Laporte,36.6,20.7
Aymeric Laporte,38.6,21.3
Aymeric Laporte,57.2,24.9
Aymeric Laporte,50.7,0.0
Aymeric Laporte,47.5,5.8
Aymeric Laporte,39.4,22.3
Aymeric Laporte,46.4,44.6
Aymeric Laporte,65.8,21.8
Aymeric Laporte,34.6,23.7
Aymeric Laporte,62.0,22.0
Aymeric Laporte,57.0,21.8
Aymeric Laporte,37.9,33.4
Aymeric Laporte,43.4,8.5
Aymeric Laporte,77.4,16.1
Aymeric Laporte,9.0,32.4
Aymeric Laporte,36.0,16.3
Aymeric Laporte,54.6,43.3
Aymeric Laporte,46.3,33.5
Aymeric Laporte,32.5,29.6
Aymeric Laporte,64.6,22.7
Aymeric Laporte,12.6,31.4
Aymeric Laporte,55.1,22.3
Aymeric Laporte,54.5,23.2
Aymeric Laporte,55.7,28.6
Aymeric Laporte,35.0,23.7
Aymeric Laporte,29.5,11.8
Aymeric Laporte,31.1,20.9
Aymeric Laporte,41.8,21.7
Aymeric Laporte,59.2,20.2
Aymeric Laporte,75.5,3.0
Aymeric Laporte,71.0,14.1
Aymeric Laporte,35.1,18.9
Aymeric Laporte,37.3,21.1
Aymeric Laporte,45.0,20.2
Aymeric Laporte,11.5,10.6
Aymeric Laporte,24.7,12.1
Aymeric Laporte,26.1,24.6
Aymeric Laporte,26.3,19.7
Aymeric Laporte,65.5,28.6
Aymeric Laporte,25.2,27.9
Aymeric Laporte,23.8,17.1
Aymeric Laporte,16.0,10.0
Aymeric Laporte,18.4,20.0
Aymeric Laporte,48.6,9.1
Aymeric Laporte,30.6,42.4
Aymeric Laporte,22.3,21.3
Aymeric Laporte,30.1,22.7
Aymeric Laporte,44.2,13.7
Aymeric Laporte,43.6,12.7
Aymeric Laporte,36.7,50.1
Aymeric Laporte,42.8,56.1
Aymeric Laporte,22.9,52.0
Aymeric Laporte,6.9,8.1
Aymeric Laporte,23.8,14.8
Aymeric Laporte,23.8,14.8
Aymeric Laporte,16.1,21.3
Aymeric Laporte,45.4,17.8
Aymeric Laporte,37.0,23.5
Aymeric Laporte,7.7,30.2
Aymeric Laporte,51.4,15.5
Aymeric Laporte,59.6,10.2
Aymeric Laporte,43.0,14.5
Aymeric Laporte,60.7,14.5
Aymeric Laporte,61.3,13.1
Aymeric Laporte,33.7,26.3
Aymeric Laporte,49.4,12.7
Aymeric Laporte,60.9,10.6
Aymeric Laporte,37.0,11.7
Aymeric Laporte,41.4,13.7
Pau Cubarsí,48.2,48.3
Pau Cubarsí,72.7,50.9
Pau Cubarsí,28.5,49.2
Pau Cubarsí,25.8,51.5
Pau Cubarsí,58.9,49.2
Pau Cubarsí,55.2,40.6
Pau Cubarsí,59.4,47.8
Pau Cubarsí,42.2,31.3
Pau Cubarsí,61.6,46.7
Pau Cubarsí,46.5,42.8
Pau Cubarsí,60.3,45.5
Pau Cubarsí,59.6,45.1
Pau Cubarsí,17.6,32.3
Pau Cubarsí,36.7,53.1
Pau Cubarsí,40.3,42.1
Pau Cubarsí,38.7,44.7
Pau Cubarsí,38.6,39.1
Pau Cubarsí,20.5,38.5
Pau Cubarsí,9.7,46.2
Pau Cubarsí,58.0,50.3
Pau Cubarsí,45.9,56.8
Pau Cubarsí,17.4,61.8
Pau Cubarsí,25.6,54.2
Pau Cubarsí,30.1,40.3
Pau Cubarsí,25.6,41.1
Pau Cubarsí,21.1,45.8
Pau Cubarsí,19.3,65.2
Pau Cubarsí,23.2,44.9
Pau Cubarsí,60.0,40.6
Pau Cubarsí,46.4,49.2
Pau Cubarsí,26.5,50.6
Pau Cubarsí,31.3,47.7
Pau Cubarsí,33.9,52.0
Pau Cubarsí,31.2,40.1
Pau Cubarsí,57.0,51.3
Pau Cubarsí,8.7,46.9
Pau Cubarsí,49.2,40.6
Pau Cubarsí,79.2,53.3
Pau Cubarsí,38.5,46.3
Pau Cubarsí,50.4,46.1
Pau Cubarsí,47.6,46.5
Pau Cubarsí,66.3,48.3
Pau Cubarsí,8.3,36.6
Pau Cubarsí,68.3,43.1
Pau Cubarsí,68.2,48.9
Pau Cubarsí,38.6,44.7
Pau Cubarsí,12.3,57.6
Pau Cubarsí,4.4,57.2
Pau Cubarsí,50.8,40.1
Pau Cubarsí,37.7,50.0
Pau Cubarsí,55.5,46.0
Pau Cubarsí,70.9,46.7
Pau Cubarsí,68.5,38.0
Pau Cubarsí,64.2,59.9
Pau Cubarsí,56.6,57.7
Pau Cubarsí,55.0,59.0
Pau Cubarsí,49.7,57.1
Pau Cubarsí,47.6,52.8
Pau Cubarsí,18.2,50.3
Pau Cubarsí,36.7,49.2
Pau Cubarsí,33.4,51.5
Pau Cubarsí,54.4,37.8
Pau Cubarsí,47.5,38.4
Pau Cubarsí,35.2,39.8
Pau Cubarsí,42.8,44.7
Pau Cubarsí,65.9,51.7
Pau Cubarsí,69.2,55.8
Pau Cubarsí,33.4,43.1
Pau Cubarsí,24.4,58.4
Pau Cubarsí,24.2,58.4
Pau Cubarsí,46.4,46.4
Pau Cubarsí,57.1,48.9
Pau Cubarsí,54.9,52.7
Pau Cubarsí,55.7,56.2
Pau Cubarsí,57.5,60.7
Pau Cubarsí,56.3,61.6
Pau Cubarsí,46.7,61.6
Pau Cubarsí,20.9,59.4
Pau Cubarsí,36.7,57.2
Pau Cubarsí,19.3,48.3
Pau Cubarsí,26.5,46.5
Pau Cubarsí,29.5,50.7
Pau Cubarsí,51.5,54.1
Pau Cubarsí,9.3,56.8
Pau Cubarsí,17.6,51.6
Pau Cubarsí,22.6,47.6
Pau Cubarsí,30.5,52.0
Pau Cubarsí,50.6,44.3
Pau Cubarsí,60.4,60.0
Pau Cubarsí,27.1,43.6
Pau Cubarsí,30.4,38.1
Pau Cubarsí,45.8,43.5
Pau Cubarsí,47.6,54.2
Pau Cubarsí,38.4,56.4
Pau Cubarsí,60.2,62.2
Pau Cubarsí,11.5,61.6
Pau Cubarsí,15.4,63.6
Pau Cubarsí,8.3,56.0
Pau Cubarsí,7.8,57.9
Pau Cubarsí,7.4,52.1
Pau Cubarsí,14.4,45.5
Pau Cubarsí,25.8,53.4
Pau Cubarsí,37.8,47.2
Pau Cubarsí,35.6,42.6
Pau Cubarsí,11.9,20.2
Pau Cubarsí,11.9,20.2
Pau Cubarsí,50.5,39.2
Pau Cubarsí,45.4,32.5
Pau Cubarsí,36.5,34.5
Pau Cubarsí,50.2,39.9
Pau Cubarsí,67.4,33.1
Pau Cubarsí,6.6,20.5
Pau Cubarsí,6.9,22.7
Pau Cubarsí,48.3,29.8
Pau Cubarsí,72.2,37.3
Álex Baena,85.2,9.0
Álex Baena,91.6,24.3
Álex Baena,93.1,22.5
Álex Baena,88.1,62.4
Álex Baena,103.7,25.4
Álex Baena,88.2,1.7
Álex Baena,62.4,6.6
Álex Baena,79.9,9.5
Álex Baena,78.9,21.3
Álex Baena,84.4,5.8
Álex Baena,85.1,10.6
Álex Baena,105.0,16.9
Álex Baena,104.5,0.3
Álex Baena,99.0,9.9
Álex Baena,61.0,16.2
Álex Baena,48.9,31.8
Álex Baena,86.3,13.7
Álex Baena,85.9,15.1
Álex Baena,77.4,5.1
Álex Baena,68.1,6.7
Álex Baena,70.7,6.7
Álex Baena,77.5,4.1
Álex Baena,104.5,0.3
Álex Baena,83.4,20.9
Álex Baena,47.1,43.9
Álex Baena,51.0,30.1
Álex Baena,96.4,11.2
Álex Baena,96.3,14.3
Álex Baena,79.3,17.1
Álex Baena,82.3,20.6
Álex Baena,73.6,3.2
Álex Baena,87.9,8.4
Álex Baena,76.3,2.3
Álex Baena,94.7,17.3
Álex Baena,86.4,7.4
Álex Baena,76.2,12.6
Álex Baena,86.4,15.5
Álex Baena,45.9,18.6
Álex Baena,33.3,6.4
Álex Baena,83.7,4.1
Álex Baena,7.1,11.4
Álex Baena,93.5,15.5
Álex Baena,49.5,15.1
Álex Baena,57.6,0.0
Álex Baena,80.6,17.1
Álex Baena,104.4,0.1
Álex Baena,15.8,31.6
Álex Baena,86.7,11.6
Álex Baena,97.9,17.7
Álex Baena,83.6,7.7
Álex Baena,104.5,0.3
Álex Baena,26.3,32.3
Álex Baena,63.3,15.7
Álex Baena,59.7,11.9
Álex Baena,58.0,6.9
Álex Baena,76.5,3.8
Álex Baena,67.5,6.0
Álex Baena,102.0,17.8
Álex Baena,94.1,11.4
Álex Baena,60.7,3.2
Álex Baena,55.7,6.0
Pedro Porro,74.7,46.4
Pedro Porro,90.2,61.6
Pedro Porro,63.9,53.7
Pedro Porro,48.4,64.8
Pedro Porro,49.7,45.0
Pedro Porro,74.7,54.1
Pedro Porro,67.4,57.0
Pedro Porro,61.2,55.2
Pedro Porro,94.0,57.0
Pedro Porro,72.9,60.3
Pedro Porro,67.4,40.8
Pedro Porro,28.5,52.6
Pedro Porro,79.6,52.1
Pedro Porro,65.6,59.0
Pedro Porro,81.0,51.2
Pedro Porro,83.2,48.6
Pedro Porro,44.8,62.0
Pedro Porro,49.3,54.2
Pedro Porro,33.7,41.3
Pedro Porro,32.8,41.1
Pedro Porro,35.7,63.3
Pedro Porro,17.4,68.0
Pedro Porro,16.8,65.7
Pedro Porro,83.8,50.1
Pedro Porro,42.5,65.6
Pedro Porro,35.4,62.2
Pedro Porro,35.4,62.2
Pedro Porro,38.6,64.4
Pedro Porro,54.0,48.8
Pedro Porro,40.8,64.1
Pedro Porro,77.6,47.9
Pedro Porro,62.6,60.5
Pedro Porro,39.1,64.5
Pedro Porro,42.5,60.3
Pedro Porro,42.1,60.9
Pedro Porro,41.4,45.8
Pedro Porro,14.9,63.7
Pedro Porro,20.8,61.8
Pedro Porro,59.9,60.5
Pedro Porro,81.9,52.3
Pedro Porro,83.8,55.0
Pedro Porro,91.7,55.7
Pedro Porro,92.4,59.2
Pedro Porro,79.0,54.1
Pedro Porro,100.5,51.7
Pedro Porro,81.7,59.9
Pedro Porro,67.4,60.9
Pedro Porro,67.6,52.8
Pedro Porro,83.8,54.9
Pedro Porro,76.9,61.1
Pedro Porro,31.8,57.3
Pedro Porro,69.7,62.6
Pedro Porro,65.7,64.5
Pedro Porro,88.3,59.3
Pedro Porro,86.3,62.4
Pedro Porro,65.0,55.3
Pedro Porro,69.5,62.2
Pedro Porro,85.8,68.0
Pedro Porro,55.0,65.5
Pedro Porro,31.6,53.1
Pedro Porro,25.3,63.2
Pedro Porro,50.1,65.2
Pedro Porro,43.5,64.4
Pedro Porro,74.7,58.7
Pedro Porro,89.7,56.7
Pedro Porro,102.9,25.5
Pedro Porro,56.0,52.3
Pedro Porro,94.8,45.1
Pedro Porro,55.6,57.1
Pedro Porro,68.2,53.4
Pedro Porro,71.6,63.8
Pedro Porro,91.4,62.6
Pedro Porro,90.3,61.3
Pedro Porro,81.8,61.6
Pedro Porro,65.9,64.4
Pedro Porro,75.5,63.2
Pedro Porro,57.8,65.3
Pedro Porro,58.2,68.0
Pedro Porro,10.9,63.5
Pedro Porro,24.8,63.7
Pedro Porro,33.2,59.5
Pedro Porro,27.4,59.2
Pedro Porro,28.9,57.9
Pedro Porro,25.8,68.0
Pedro Porro,62.8,64.5
Pedro Porro,37.9,64.7
Pedro Porro,30.4,65.0
Pedro Porro,49.9,64.9
Pedro Porro,96.0,68.0
Pedro Porro,21.1,64.7
Pedro Porro,2.6,64.6
Pedro Porro,24.3,53.3
Pedro Porro,25.9,51.8
Pedro Porro,49.7,60.9
Pedro Porro,47.7,64.8
Pedro Porro,39.4,50.1
Pedro Porro,56.4,54.7
Pedro Porro,62.8,58.8
Pedro Porro,70.7,53.7
Pedro Porro,95.1,46.7
Pedro Porro,65.7,65.9
Pedro Porro,54.6,55.9
Pedro Porro,77.1,50.4
Lamine Yamal,93.9,55.4
Lamine Yamal,100.5,52.8
Lamine Yamal,104.5,67.7
Lamine Yamal,84.4,62.0
Lamine Yamal,89.5,56.4
Lamine Yamal,78.3,45.9
Lamine Yamal,79.0,53.4
Lamine Yamal,74.2,65.5
Lamine Yamal,41.0,62.6
Lamine Yamal,88.8,56.6
Lamine Yamal,75.8,63.1
Lamine Yamal,92.4,52.0
Lamine Yamal,103.2,38.0
Lamine Yamal,47.4,61.2
Lamine Yamal,47.2,63.0
Lamine Yamal,82.3,47.9
Lamine Yamal,82.2,43.6
Lamine Yamal,83.1,42.8
Lamine Yamal,81.4,65.4
Lamine Yamal,94.0,61.8
Lamine Yamal,56.5,65.4
Lamine Yamal,94.7,59.7
Lamine Yamal,48.7,64.4
Lamine Yamal,52.3,62.3
Lamine Yamal,44.9,57.8
Lamine Yamal,58.1,64.7
Lamine Yamal,83.7,51.6
Lamine Yamal,86.7,46.6
Lamine Yamal,58.7,48.3
Lamine Yamal,74.8,52.0
Lamine Yamal,48.2,59.4
Lamine Yamal,83.6,58.6
Lamine Yamal,102.6,49.8
Lamine Yamal,89.8,58.5
Lamine Yamal,98.7,58.6
Lamine Yamal,79.0,42.2
Lamine Yamal,88.9,46.0
Lamine Yamal,73.3,53.4
Lamine Yamal,85.3,48.3
Lamine Yamal,85.5,53.2
Lamine Yamal,80.4,58.2
Lamine Yamal,84.3,52.8
Lamine Yamal,89.0,59.0
Lamine Yamal,83.2,61.3
Lamine Yamal,86.3,63.5
Lamine Yamal,82.8,62.4
Lamine Yamal,38.5,64.5
Lamine Yamal,18.2,46.3
Lamine Yamal,55.4,49.5
Lamine Yamal,74.9,62.4
Lamine Yamal,75.3,51.8
Lamine Yamal,78.9,57.8
Lamine Yamal,80.4,59.2
Lamine Yamal,81.4,18.7
Lamine Yamal,26.0,51.0
Unai Simón,13.9,32.1
Unai Simón,12.2,48.6
Unai Simón,15.1,42.3
Unai Simón,15.2,33.4
Unai Simón,8.3,32.7
Unai Simón,5.1,38.4
Unai Simón,9.1,40.6
Unai Simón,9.1,30.3
Unai Simón,2.7,65.3
Unai Simón,2.7,65.3
Unai Simón,5.7,47.6
Unai Simón,5.7,47.6
Unai Simón,8.5,31.9
Unai Simón,9.3,56.2
Unai Simón,22.2,32.7
Unai Simón,18.9,33.6
Unai Simón,21.5,33.2
Unai Simón,3.1,42.1
Unai Simón,3.1,42.3
Unai Simón,4.6,31.4
Unai Simón,22.7,46.2
Unai Simón,21.2,42.1
Unai Simón,11.8,30.1
Unai Simón,4.1,33.8
Unai Simón,7.2,33.6
Unai Simón,25.1,24.1
Unai Simón,12.1,42.0
Unai Simón,12.3,45.0
Unai Simón,12.1,40.8
Unai Simón,21.5,23.7
Unai Simón,8.2,32.9
Unai Simón,25.1,42.6
Unai Simón,24.0,34.4
Unai Simón,22.1,31.4
Unai Simón,6.8,30.3
Unai Simón,2.8,35.1
Unai Simón,8.1,34.2
Unai Simón,18.9,64.9
Unai Simón,23.1,30.8
Unai Simón,23.8,33.0
Unai Simón,4.0,27.5
Unai Simón,4.0,32.6
Unai Simón,4.0,32.6
Unai Simón,10.3,33.5
Unai Simón,6.7,32.9
Unai Simón,13.3,35.7
Unai Simón,1.1,12.3
Unai Simón,1.1,12.3
Unai Simón,2.8,27.4
Unai Simón,10.9,31.4
Pedri,79.4,54.4
Pedri,50.1,28.0
Pedri,56.4,24.6
Pedri,45.7,9.2
Pedri,71.5,19.7
Pedri,73.4,11.4
Pedri,80.1,18.5
Pedri,79.9,15.7
Pedri,75.4,19.2
Pedri,85.6,30.1
Pedri,56.1,22.9
Pedri,68.9,31.8
Pedri,77.5,17.5
Pedri,45.2,42.9
Pedri,90.7,24.4
Pedri,44.4,23.1
Pedri,55.2,23.4
Pedri,44.4,23.1
Pedri,81.6,1.3
Pedri,57.2,7.2
Pedri,56.7,23.2
Pedri,48.0,38.1
Pedri,79.0,3.6
Pedri,76.3,9.8
Pedri,76.4,11.6
Pedri,59.5,1.9
Pedri,78.0,34.8
Pedri,70.8,33.2
Pedri,71.6,29.6
Pedri,39.8,33.1
Pedri,64.8,24.1
Pedri,76.2,38.9
Pedri,39.8,42.8
Pedri,76.2,14.9
Pedri,76.0,35.1
Pedri,76.3,28.5
Pedri,81.9,11.8
Pedri,79.8,6.4
Pedri,68.9,46.0
Pedri,72.9,26.0
Pedri,87.0,39.7
Pedri,91.7,50.5
Pedri,84.5,48.3
Pedri,79.6,38.9
Pedri,76.3,41.1
Pedri,49.9,43.7
Pedri,34.7,21.3
Pedri,16.3,11.1
Pedri,15.9,10.4
Pedri,32.7,20.2
Pedri,69.0,34.2
Pedri,72.5,29.4
Pedri,81.9,25.7
Pedri,73.6,27.6
Pedri,79.6,48.1
Pedri,77.6,24.8
Pedri,79.6,36.1
Pedri,79.0,22.5
Pedri,77.9,27.3
Pedri,17.0,34.3
Pedri,69.3,12.3
Pedri,86.6,16.2
Pedri,45.5,24.4
Pedri,62.6,23.3
Pedri,69.1,33.4
Pedri,79.0,30.3
Pedri,60.2,20.7
Pedri,67.1,9.1
Pedri,68.4,10.8
Pedri,45.7,16.9
Pedri,73.8,14.8
Pedri,34.0,7.4
Pedri,40.0,7.7
Pedri,59.3,17.3
Pedri,66.7,19.5
Pedri,73.1,25.7
Pedri,79.4,35.4
Pedri,86.7,22.3
Pedri,71.0,49.7
Pedri,73.6,53.5
Pedri,61.6,8.3
Pedri,69.4,49.9
Pedri,75.7,52.1
Pedri,62.1,45.4
Pedri,29.2,20.1
Pedri,54.7,38.3
Pedri,45.3,22.1
Pedri,54.2,19.3
Pedri,56.5,30.3
Pedri,91.9,7.5
Pedri,81.1,7.7
Dani Olmo,66.5,6.8
Dani Olmo,64.1,4.5
Dani Olmo,48.1,43.6
Dani Olmo,77.2,27.7
Dani Olmo,85.0,44.8
Dani Olmo,75.4,54.7
Dani Olmo,22.6,14.1
Dani Olmo,55.7,48.5
Dani Olmo,62.6,58.1
Dani Olmo,70.7,59.2
Dani Olmo,67.4,49.7
Dani Olmo,72.1,26.2
Dani Olmo,63.5,12.0
Dani Olmo,59.0,3.7
Dani Olmo,92.8,44.0
Dani Olmo,37.5,51.8
Dani Olmo,97.9,29.6
Dani Olmo,41.8,59.9
Dani Olmo,41.8,59.9
Dani Olmo,41.9,57.3
Dani Olmo,49.3,59.7
Dani Olmo,33.8,49.5
Dani Olmo,78.9,28.8
Dani Olmo,78.0,26.2
Dani Olmo,82.7,30.1
Dani Olmo,83.7,35.7
Dani Olmo,84.3,34.3
Dani Olmo,42.8,53.4
Dani Olmo,75.6,44.5
Dani Olmo,81.4,43.9
Dani Olmo,44.7,43.0
Dani Olmo,78.2,38.0
Dani Olmo,69.1,11.8
Dani Olmo,69.9,11.9
Dani Olmo,81.5,32.3
Dani Olmo,87.1,43.3
Dani Olmo,80.4,48.8
Dani Olmo,43.1,20.5
Dani Olmo,68.3,50.9
Dani Olmo,65.8,55.2
Dani Olmo,60.6,50.5
Dani Olmo,67.6,52.5
Dani Olmo,45.8,31.9
Dani Olmo,67.3,57.4
Dani Olmo,49.5,60.7
Dani Olmo,70.8,50.9
Dani Olmo,60.6,22.3
Dani Olmo,54.2,48.9
Dani Olmo,66.6,21.3
Dani Olmo,67.3,54.1
Dani Olmo,78.7,55.0
Dani Olmo,86.6,9.0
Dani Olmo,57.2,61.6
Dani Olmo,45.8,65.5
Dani Olmo,61.2,56.8
Dani Olmo,49.5,19.3
Dani Olmo,58.8,27.1
Yéremi Pino,81.5,67.1
Yéremi Pino,57.4,66.4
Yéremi Pino,72.2,52.1
Yéremi Pino,75.7,38.0
Yéremi Pino,58.0,63.7
Yéremi Pino,74.6,64.3
Yéremi Pino,77.5,60.3
Yéremi Pino,66.2,56.6
Yéremi Pino,63.2,54.8
Yéremi Pino,86.6,43.9
Yéremi Pino,69.7,63.5
Yéremi Pino,71.2,63.7
Yéremi Pino,74.3,50.1
Yéremi Pino,95.4,3.4
Yéremi Pino,88.7,55.9
Yéremi Pino,86.3,48.9
Yéremi Pino,65.9,53.7
Yéremi Pino,12.3,63.7
Yéremi Pino,36.9,38.1
Yéremi Pino,59.2,23.1
Yéremi Pino,40.4,53.5
Yéremi Pino,37.2,48.9
Yéremi Pino,99.2,34.3
Yéremi Pino,76.3,59.4
Yéremi Pino,85.7,59.8
Yéremi Pino,76.1,63.3
Yéremi Pino,63.5,63.7
Yéremi Pino,74.5,63.7
Ferran Torres,72.8,28.0
Ferran Torres,66.3,40.3
Ferran Torres,62.3,62.2
Ferran Torres,92.9,40.1
Ferran Torres,56.6,28.9
Ferran Torres,94.1,45.9
Ferran Torres,95.1,44.6
Ferran Torres,92.5,24.6
Ferran Torres,45.7,8.3
Ferran Torres,46.1,42.7
Ferran Torres,82.6,19.1
Ferran Torres,41.6,28.1
Nico Williams,32.8,8.0
Nico Williams,61.2,11.4
Nico Williams,83.7,7.7
Nico Williams,98.2,7.5
Nico Williams,100.1,24.6
Nico Williams,104.5,0.3
Nico Williams,37.4,18.9
Nico Williams,70.1,17.8
Nico Williams,73.8,4.7
Nico Williams,69.2,0.0
Nico Williams,46.1,3.0
Nico Williams,50.0,13.5
Nico Williams,34.7,6.0
Nico Williams,46.6,4.3
Nico Williams,36.7,14.1
Nico Williams,40.4,14.3
Nico Williams,88.6,11.2
Nico Williams,49.0,35.5
Nico Williams,39.1,5.8
Nico Williams,26.3,2.6
Nico Williams,95.9,11.7
Nico Williams,69.4,2.4
Mikel Merino,64.9,16.2
Mikel Merino,46.0,14.1
Mikel Merino,46.0,14.1
Mikel Merino,65.0,18.7
Mikel Merino,38.6,47.5
Mikel Merino,54.8,45.3
Mikel Merino,39.2,9.6
Mikel Merino,26.2,66.2
Mikel Merino,66.8,58.2
Mikel Merino,63.2,51.6
Mikel Merino,72.7,48.6
Mikel Merino,96.4,64.9
Mikel Merino,93.7,66.9
Mikel Merino,72.1,33.1
Mikel Merino,72.6,31.3
Mikel Merino,47.1,52.3
Mikel Merino,71.0,9.5
Mikel Merino,76.9,10.3
Mikel Merino,76.9,53.2
Mikel Merino,76.9,53.2
Mikel Merino,48.4,44.4
Mikel Merino,62.2,56.1
Mikel Merino,82.7,48.7
Mikel Merino,89.1,48.7
Fabián Ruiz,37.3,22.1
Fabián Ruiz,37.5,23.0
Fabián Ruiz,37.4,21.5
Fabián Ruiz,24.7,12.3
Fabián Ruiz,19.9,23.4
Fabián Ruiz,62.4,18.3
Fabián Ruiz,56.7,19.5
Fabián Ruiz,60.1,22.5
Fabián Ruiz,57.6,24.6
Fabián Ruiz,65.1,50.9
Fabián Ruiz,38.9,25.0
Fabián Ruiz,72.5,4.9
Fabián Ruiz,47.1,29.4
Fabián Ruiz,44.4,48.8
Fabián Ruiz,42.8,48.1
Fabián Ruiz,46.3,31.4
Fabián Ruiz,47.5,19.7
Fabián Ruiz,49.5,21.7
Fabián Ruiz,58.6,11.1
Fabián Ruiz,57.1,23.4
Fabián Ruiz,60.9,52.6
Fabián Ruiz,86.3,49.2
Fabián Ruiz,32.5,14.9
Fabián Ruiz,47.4,29.9
Fabián Ruiz,55.7,16.0
Fabián Ruiz,61.9,43.9
Fabián Ruiz,89.5,57.1
Fabián Ruiz,60.0,49.2
Fabián Ruiz,90.1,62.4
Mikel Oyarzabal,52.3,33.7
Mikel Oyarzabal,37.6,48.0
Mikel Oyarzabal,38.2,47.8
Mikel Oyarzabal,96.4,18.9
Mikel Oyarzabal,102.9,22.5
Mikel Oyarzabal,55.5,41.7
Mikel Oyarzabal,55.5,41.7
Mikel Oyarzabal,53.4,38.0
Mikel Oyarzabal,2.7,31.9
Mikel Oyarzabal,78.1,16.4
Mikel Oyarzabal,48.2,37.7
Mikel Oyarzabal,92.9,33.0
Mikel Oyarzabal,94.1,25.4
Mikel Oyarzabal,79.2,26.2
Mikel Oyarzabal,73.7,15.7
Mikel Oyarzabal,69.2,25.7
Mikel Oyarzabal,57.9,53.3
Mikel Oyarzabal,60.8,54.1
Mikel Oyarzabal,61.0,29.7
Mikel Oyarzabal,66.4,11.9
Mikel Oyarzabal,49.3,36.4
Mikel Oyarzabal,59.9,33.0
Mikel Oyarzabal,103.3,17.0
Mikel Oyarzabal,66.7,27.7
Mikel Oyarzabal,59.9,19.1
Mikel Oyarzabal,72.0,26.6
Mikel Oyarzabal,34.1,28.8
Mikel Oyarzabal,48.0,29.8
Mikel Oyarzabal,45.7,64.7
Mikel Oyarzabal,61.5,7.8
Mikel Oyarzabal,59.9,7.4
Mikel Oyarzabal,60.1,4.2
Mikel Oyarzabal,46.4,45.1
Mikel Oyarzabal,79.6,42.3
Mikel Oyarzabal,79.0,29.5
Mikel Oyarzabal,61.5,26.7
Mikel Oyarzabal,75.8,27.7
Rodri,49.5,22.9
Rodri,28.6,34.1
Rodri,67.3,58.6
Rodri,71.2,62.6
Rodri,78.7,18.5
Rodri,77.9,18.0
Rodri,78.8,18.7
Rodri,36.3,23.6
Rodri,37.2,45.1
Rodri,45.6,25.9
Rodri,24.8,28.5
Rodri,48.6,6.0
Rodri,62.9,5.4
Rodri,48.1,30.1
Rodri,58.7,31.0
Rodri,39.6,37.0
Rodri,39.9,30.3
Rodri,36.6,34.1
Rodri,26.7,47.0
Rodri,35.5,42.3
Rodri,72.2,42.0
Rodri,72.2,42.0
Rodri,77.8,38.5
Rodri,50.3,21.0
Rodri,57.9,18.1
Rodri,61.5,27.0
Rodri,59.3,23.6
Rodri,47.5,46.5
Rodri,58.3,45.5
Rodri,73.0,18.9
Rodri,64.2,15.8
Rodri,63.9,19.5
Rodri,15.1,23.0
Rodri,18.7,2.9
Rodri,46.8,20.9
Rodri,35.8,26.6
Rodri,54.1,30.1
Rodri,63.9,24.8
Rodri,63.9,24.8
Rodri,31.9,44.5
Rodri,48.6,44.5
Rodri,56.4,23.4
Rodri,70.4,35.4
Rodri,57.4,39.6
Rodri,55.9,39.7
Rodri,62.0,23.4
Rodri,68.3,41.8
Rodri,66.4,41.8
Rodri,69.3,24.8
Rodri,76.6,14.1
Rodri,73.3,17.0
Rodri,31.5,50.6
Rodri,35.0,14.5
Rodri,34.7,20.2
Rodri,41.0,19.4
Rodri,57.0,13.1
Rodri,58.0,28.3
Rodri,59.6,24.2
Rodri,32.4,52.0
Rodri,26.0,54.0
Rodri,45.8,21.3
Rodri,56.0,35.1
Rodri,49.5,38.7
Rodri,13.5,58.9
Rodri,19.1,60.7
Rodri,44.3,21.0
Rodri,61.0,14.7
Rodri,62.1,4.7
Rodri,34.5,5.1
Rodri,39.5,7.6
Rodri,32.0,14.1
Rodri,30.4,9.2
Rodri,31.6,14.4
Rodri,23.9,17.3
Rodri,22.0,14.8
Rodri,11.9,11.3
Rodri,35.6,49.3
Rodri,35.6,61.2
Rodri,29.8,62.0
Rodri,3.8,34.5
Rodri,44.9,35.5
Rodri,31.6,46.5
Rodri,29.5,26.4
Rodri,29.5,26.4
Rodri,37.9,22.7
Rodri,33.4,34.3
Rodri,48.6,38.3
Rodri,64.8,10.4
Rodri,47.4,48.8
Rodri,43.5,49.1
Rodri,34.0,50.2
Rodri,41.4,48.3
Rodri,32.2,39.6
Rodri,41.1,18.1
Rodri,42.8,15.7
Rodri,42.8,15.7
Rodri,58.1,15.3
Rodri,56.7,48.4
Rodri,24.4,30.0
Rodri,62.3,17.8
Rodri,31.3,29.6
Rodri,13.9,37.4
Rodri,25.3,33.3
Rodri,33.3,22.5
Rodri,13.1,51.0
Rodri,65.5,43.7
Rodri,62.9,26.9
Rodri,62.9,27.5
Rodri,47.0,34.1
Rodri,22.0,23.4
Rodri,55.0,26.9
Rodri,59.4,22.9
Rodri,72.9,46.5
Rodri,40.0,29.3
Rodri,32.4,35.4
Rodri,54.1,42.2
Rodri,37.4,33.7
Rodri,41.9,42.4
Rodri,21.7,43.2
Rodri,71.3,11.8
Rodri,71.3,11.3
Rodri,16.5,58.2
Rodri,34.3,38.3
Rodri,49.7,36.8
Rodri,35.9,25.5
Rodri,28.6,17.1
Rodri,22.9,32.2
Rodri,53.3,21.4
Rodri,22.2,52.1
Rodri,59.1,25.0
Rodri,57.8,23.4
Pau Cubarsí,41.4,49.3
Pau Cubarsí,24.3,51.4
Pau Cubarsí,24.3,51.4
Pau Cubarsí,51.0,45.9
Pau Cubarsí,48.6,46.3
Pau Cubarsí,47.4,37.3
Pau Cubarsí,32.4,42.8
Pau Cubarsí,32.4,42.8
Pau Cubarsí,12.6,52.0
Pau Cubarsí,44.8,43.8
Pau Cubarsí,37.9,42.0
Pau Cubarsí,49.0,44.7
Pau Cubarsí,21.6,43.8
Pau Cubarsí,37.7,32.2
Pau Cubarsí,43.0,43.4
Pau Cubarsí,33.7,50.2
Pau Cubarsí,6.7,45.9
Pau Cubarsí,28.0,46.8
Pau Cubarsí,55.6,35.5
Pau Cubarsí,58.7,38.2
Pau Cubarsí,68.9,44.1
Pau Cubarsí,97.3,30.2
Pau Cubarsí,39.8,26.0
Pau Cubarsí,31.1,26.3
Pau Cubarsí,48.4,35.5
Pau Cubarsí,49.4,37.5
Pau Cubarsí,56.6,38.5
Pau Cubarsí,59.9,47.2
Pau Cubarsí,51.4,44.3
Pau Cubarsí,70.7,48.4
Pau Cubarsí,58.9,55.5
Pau Cubarsí,100.7,38.2
Pau Cubarsí,65.0,39.7
Pau Cubarsí,37.4,42.0
Pau Cubarsí,57.4,37.3
Pau Cubarsí,56.0,37.8
Pau Cubarsí,47.2,37.2
Pau Cubarsí,47.2,37.2
Pau Cubarsí,64.1,47.2
Pau Cubarsí,66.3,42.7
Pau Cubarsí,56.5,31.2
Pau Cubarsí,48.7,32.6
Pau Cubarsí,17.8,37.3
Pau Cubarsí,38.1,40.8
Pau Cubarsí,49.0,46.1
Pau Cubarsí,51.0,47.4
Pau Cubarsí,48.6,43.9
Pau Cubarsí,13.8,46.3
Pau Cubarsí,30.7,47.2
Pau Cubarsí,56.3,39.8
Pau Cubarsí,56.0,45.5
Pau Cubarsí,65.5,48.4
Pau Cubarsí,26.9,56.9
Pau Cubarsí,57.4,47.2
Pau Cubarsí,62.2,44.0
Pau Cubarsí,72.6,42.9
Pau Cubarsí,12.6,40.6
Pau Cubarsí,26.1,31.3
Pau Cubarsí,49.0,34.2
Pau Cubarsí,41.3,23.2
Pau Cubarsí,42.0,38.8
Pau Cubarsí,10.9,47.8
Pau Cubarsí,28.5,46.5
Pau Cubarsí,40.0,50.0
Pau Cubarsí,9.0,43.4
Pau Cubarsí,37.5,39.0
Pau Cubarsí,36.3,40.5
Pau Cubarsí,33.6,43.8
Pau Cubarsí,8.8,63.9
Pau Cubarsí,25.4,46.7
Pau Cubarsí,7.4,23.0
Pau Cubarsí,25.6,34.2
Pau Cubarsí,35.9,47.6
Pau Cubarsí,13.0,46.6
Pau Cubarsí,24.1,30.7
Pau Cubarsí,27.9,22.3
Pau Cubarsí,27.9,22.3
Pau Cubarsí,17.6,36.1
Pau Cubarsí,12.0,48.3
Pau Cubarsí,29.4,50.7
Pau Cubarsí,26.1,57.3
Pau Cubarsí,35.8,52.7
Pau Cubarsí,28.7,47.1
Pau Cubarsí,21.3,43.8
Pau Cubarsí,49.3,40.1
Pau Cubarsí,26.5,48.7
Pau Cubarsí,36.0,41.4
Pau Cubarsí,36.0,41.4
Pau Cubarsí,21.6,44.6
Pau Cubarsí,11.5,56.3
Pau Cubarsí,9.9,57.2
Pau Cubarsí,48.3,37.7
Pau Cubarsí,42.1,35.9
Pau Cubarsí,41.6,44.7
Pau Cubarsí,37.3,34.2
Pau Cubarsí,34.5,45.3
Pau Cubarsí,25.3,40.2
Pau Cubarsí,23.8,35.4
Pau Cubarsí,21.6,48.9
Pau Cubarsí,10.8,49.3
Pau Cubarsí,32.2,39.3
Pau Cubarsí,30.6,35.2
Pau Cubarsí,29.1,18.8
Pau Cubarsí,65.0,36.8
Pau Cubarsí,32.1,44.1
Pau Cubarsí,32.1,44.1
Pau Cubarsí,19.4,34.5
Pau Cubarsí,40.0,23.4
Marcos Llorente,40.3,63.5
Marcos Llorente,80.0,63.0
Marcos Llorente,20.3,64.9
Marcos Llorente,40.9,61.4
Marcos Llorente,36.0,43.0
Marcos Llorente,19.4,56.1
Marcos Llorente,65.6,63.7
Marcos Llorente,54.4,56.9
Marcos Llorente,64.5,61.2
Marcos Llorente,18.9,49.5
Marcos Llorente,32.5,61.2
Marcos Llorente,26.0,48.8
Marcos Llorente,62.6,55.1
Marcos Llorente,46.2,58.9
Marcos Llorente,68.8,68.0
Marcos Llorente,69.0,64.5
Marcos Llorente,63.2,62.6
Marcos Llorente,58.8,46.9
Marcos Llorente,85.7,56.5
Marcos Llorente,7.1,49.7
Marcos Llorente,7.1,49.7
Marcos Llorente,64.1,65.7
Marcos Llorente,35.8,60.5
Marcos Llorente,38.5,60.5
Marcos Llorente,73.5,65.1
Marcos Llorente,31.9,58.6
Marcos Llorente,48.7,48.1
Marcos Llorente,56.9,50.7
Marcos Llorente,44.4,63.0
Marcos Llorente,46.6,61.8
Marcos Llorente,92.1,61.6
Marcos Llorente,98.1,64.1
Marcos Llorente,43.4,57.9
Marcos Llorente,36.0,63.0
Marcos Llorente,47.2,61.0
Marcos Llorente,6.2,58.3
Marcos Llorente,5.9,61.2
Marcos Llorente,1.6,59.9
Marcos Llorente,26.6,68.0
Marcos Llorente,31.0,61.4
Marcos Llorente,22.5,46.0
Marcos Llorente,43.9,65.1
Marcos Llorente,31.5,61.6
Marcos Llorente,41.9,52.4
Marcos Llorente,42.1,63.8
Marcos Llorente,22.0,53.3
Marcos Llorente,24.3,40.2
Marcos Llorente,26.8,57.4
Marcos Llorente,36.8,62.6
Marcos Llorente,33.3,65.3
Marcos Llorente,45.6,62.6
Marcos Llorente,19.4,47.4
Marcos Llorente,58.2,57.8
Marcos Llorente,57.9,50.9
Marcos Llorente,42.9,57.1
Marcos Llorente,44.4,61.6
Marcos Llorente,43.9,59.5
Marcos Llorente,31.2,68.0
Marcos Llorente,31.1,62.6
Marcos Llorente,11.4,58.0
Marcos Llorente,11.3,53.4
Marcos Llorente,9.9,57.8
Marcos Llorente,14.5,59.7
Marcos Llorente,12.4,58.0
Marcos Llorente,12.4,58.0
Marcos Llorente,56.9,49.3
Marcos Llorente,47.3,58.3
Marcos Llorente,36.9,51.8
Marcos Llorente,70.6,52.6
Marcos Llorente,36.0,43.2
Marcos Llorente,58.7,22.5
Marcos Llorente,33.6,58.0
Marcos Llorente,18.8,37.2
Marcos Llorente,30.3,57.8
Marcos Llorente,24.8,39.0
Marcos Llorente,47.3,57.2
Marcos Llorente,4.9,57.2
Unai Simón,8.1,51.6
Unai Simón,9.9,44.0
Unai Simón,12.4,47.8
Unai Simón,7.8,37.7
Unai Simón,9.8,34.0
Unai Simón,9.8,34.0
Unai Simón,14.4,26.1
Unai Simón,12.1,30.3
Unai Simón,14.7,32.6
Unai Simón,17.8,30.2
Unai Simón,13.4,38.3
Unai Simón,39.6,27.5
Unai Simón,26.0,27.7
Unai Simón,6.9,30.5
Unai Simón,1.9,31.6
Unai Simón,13.2,35.7
Unai Simón,25.1,34.0
Unai Simón,4.1,34.7
Unai Simón,7.5,46.7
Unai Simón,14.7,49.3
Unai Simón,14.7,47.4
Unai Simón,3.5,31.0
Unai Simón,18.9,32.6
Unai Simón,8.3,39.3
Unai Simón,13.2,32.4
Unai Simón,11.6,30.5
Unai Simón,8.9,30.3
Unai Simón,3.8,32.9
Unai Simón,18.9,33.8
Unai Simón,11.5,37.1
Unai Simón,1.1,34.9
Unai Simón,3.1,34.1
Unai Simón,9.6,33.1
Unai Simón,10.3,32.1
Unai Simón,8.7,31.0
Unai Simón,9.3,31.2
Unai Simón,19.3,9.2
Unai Simón,13.8,19.3
Unai Simón,10.4,36.1
Unai Simón,10.1,33.7
Unai Simón,11.4,38.0
Unai Simón,11.7,38.5
Unai Simón,7.8,33.7
Unai Simón,12.3,34.3
Unai Simón,31.6,35.4
Unai Simón,13.8,46.3
Unai Simón,2.3,27.7
Unai Simón,2.3,27.7
Unai Simón,12.6,29.2
Unai Simón,12.6,25.1
Unai Simón,14.1,31.5
Unai Simón,8.2,34.7
Unai Simón,3.2,34.7
Unai Simón,4.0,32.8
Unai Simón,2.0,38.0
Unai Simón,11.8,33.5
Unai Simón,9.6,30.2
Unai Simón,13.8,35.6
Unai Simón,11.1,31.0
Unai Simón,9.8,36.4
Unai Simón,9.8,32.1
Unai Simón,13.5,30.8
Unai Simón,13.7,31.0
Unai Simón,9.1,32.9
Unai Simón,0.5,37.3
Unai Simón,0.0,39.0
Unai Simón,17.8,31.7
Unai Simón,1.7,34.5
Unai Simón,2.6,35.7
Unai Simón,12.9,32.6
Unai Simón,13.4,25.0
Unai Simón,4.2,39.7
Unai Simón,13.9,34.2
Marc Cucurella,28.5,16.8
Marc Cucurella,43.9,55.1
Marc Cucurella,58.1,12.5
Marc Cucurella,28.9,42.0
Marc Cucurella,39.9,4.9
Marc Cucurella,37.4,2.9
Marc Cucurella,58.4,5.0
Marc Cucurella,13.3,28.5
Marc Cucurella,60.5,17.8
Marc Cucurella,65.0,19.1
Marc Cucurella,58.1,6.2
Marc Cucurella,95.1,0.0
Marc Cucurella,78.5,19.2
Marc Cucurella,78.5,19.2
Marc Cucurella,20.5,2.5
Marc Cucurella,23.6,0.0
Marc Cucurella,43.0,19.2
Marc Cucurella,40.3,12.1
Marc Cucurella,63.3,3.7
Marc Cucurella,58.2,19.3
Marc Cucurella,66.0,17.8
Marc Cucurella,74.5,6.4
Marc Cucurella,41.4,4.0
Marc Cucurella,40.0,5.0
Marc Cucurella,40.1,4.5
Marc Cucurella,33.0,7.7
Marc Cucurella,33.0,7.7
Marc Cucurella,56.4,8.3
Marc Cucurella,27.1,22.0
Marc Cucurella,23.8,5.6
Marc Cucurella,45.4,10.0
Marc Cucurella,36.0,6.6
Marc Cucurella,68.1,6.0
Marc Cucurella,70.4,3.6
Marc Cucurella,21.4,5.8
Marc Cucurella,39.4,5.2
Marc Cucurella,62.0,7.2
Marc Cucurella,41.6,18.4
Marc Cucurella,39.9,4.7
Marc Cucurella,3.7,0.0
Marc Cucurella,66.5,4.4
Marc Cucurella,46.1,19.0
Marc Cucurella,46.0,6.8
Marc Cucurella,69.2,5.4
Marc Cucurella,23.6,1.6
Marc Cucurella,27.9,7.1
Marc Cucurella,37.3,2.0
Marc Cucurella,9.8,0.0
Marc Cucurella,41.4,5.1
Marc Cucurella,25.9,8.6
Marc Cucurella,35.0,3.0
Marc Cucurella,30.0,2.4
Marc Cucurella,15.1,0.0
Marc Cucurella,21.6,1.7
Marc Cucurella,59.9,12.5
Marc Cucurella,13.6,14.9
Marc Cucurella,18.9,13.1
Marc Cucurella,41.8,0.0
Álex Baena,35.6,1.8
Álex Baena,104.5,0.3
Álex Baena,79.8,22.3
Álex Baena,45.4,3.8
Álex Baena,104.5,67.7
Álex Baena,47.2,15.5
Álex Baena,49.2,4.5
Álex Baena,75.7,38.8
Álex Baena,82.8,3.2
Álex Baena,63.1,7.7
Álex Baena,25.8,32.8
Álex Baena,23.5,30.6
Álex Baena,104.5,67.7
Álex Baena,75.5,7.5
Álex Baena,82.3,23.0
Álex Baena,104.5,0.3
Álex Baena,89.0,0.0
Álex Baena,32.9,16.6
Álex Baena,32.9,16.6
Álex Baena,101.7,2.6
Álex Baena,47.5,12.3
Álex Baena,75.6,11.2
Álex Baena,39.8,7.9
Álex Baena,26.8,20.6
Álex Baena,63.5,8.3
Álex Baena,85.4,6.0
Álex Baena,66.5,6.4
Álex Baena,56.6,10.7
Álex Baena,47.6,2.0
Álex Baena,38.9,4.7
Álex Baena,39.0,5.4
Álex Baena,91.4,37.3
Álex Baena,70.7,15.0
Álex Baena,41.8,30.2
Álex Baena,83.2,21.5
Álex Baena,34.3,4.6
Álex Baena,47.4,4.2
Álex Baena,7.6,8.0
Álex Baena,66.2,22.7
Álex Baena,77.6,4.2
Álex Baena,58.9,8.0
Álex Baena,60.3,16.0
Álex Baena,65.7,13.9
Álex Baena,67.1,9.1
Álex Baena,57.1,12.1
Álex Baena,57.1,12.1
Álex Baena,60.9,42.3
Álex Baena,66.2,45.4
Álex Baena,57.5,3.2
Mikel Merino,69.3,28.1
Mikel Merino,32.5,53.0
Mikel Merino,50.0,65.1
Mikel Merino,68.3,61.1
Mikel Merino,58.0,39.6
Mikel Merino,30.7,45.5
Mikel Merino,30.7,45.5
Mikel Merino,77.2,51.2
Mikel Merino,78.4,50.4
Mikel Merino,91.6,29.4
Mikel Merino,77.4,53.7
Mikel Merino,77.9,46.6
Mikel Merino,78.7,51.9
Mikel Merino,84.6,47.6
Mikel Merino,84.6,47.6
Mikel Merino,70.7,19.2
Mikel Merino,73.9,60.4
Mikel Merino,71.8,34.5
Mikel Merino,82.8,4.3
Mikel Merino,56.1,45.7
Mikel Merino,65.3,43.5
Mikel Merino,75.7,23.4
Mikel Merino,65.9,17.7
Mikel Merino,58.1,58.6
Mikel Merino,58.1,58.6
Mikel Merino,47.4,59.7
Mikel Merino,62.8,61.1
Mikel Merino,84.5,55.0
Mikel Merino,41.4,43.6
Mikel Merino,48.6,51.8
Mikel Merino,13.8,63.9
Mikel Merino,59.2,33.5
Mikel Merino,34.5,22.3
Mikel Merino,24.7,63.2
Mikel Merino,56.7,29.6
Mikel Merino,36.0,63.5
Mikel Merino,36.1,57.9
Mikel Merino,63.7,48.1
Lamine Yamal,73.3,34.6
Lamine Yamal,79.2,26.7
Lamine Yamal,80.6,28.6
Lamine Yamal,80.4,26.3
Lamine Yamal,95.1,59.8
Lamine Yamal,30.7,62.1
Lamine Yamal,101.0,60.5
Lamine Yamal,100.4,60.1
Lamine Yamal,104.5,67.7
Lamine Yamal,100.6,43.6
Lamine Yamal,71.5,56.0
Lamine Yamal,72.1,64.2
Lamine Yamal,76.5,64.1
Lamine Yamal,59.0,61.3
Lamine Yamal,61.7,55.0
Lamine Yamal,73.0,61.1
Lamine Yamal,85.2,60.4
Lamine Yamal,102.2,57.0
Lamine Yamal,90.8,49.5
Lamine Yamal,80.5,64.5
Lamine Yamal,73.4,63.6
Lamine Yamal,82.2,65.0
Lamine Yamal,101.8,50.3
Lamine Yamal,75.8,65.6
Lamine Yamal,34.1,63.5
Lamine Yamal,38.4,62.8
Lamine Yamal,62.0,50.9
Lamine Yamal,65.3,43.7
Lamine Yamal,68.4,46.9
Lamine Yamal,77.8,42.8
Lamine Yamal,80.9,44.2
Lamine Yamal,82.4,51.6
Lamine Yamal,54.5,62.8
Lamine Yamal,70.1,64.3
Lamine Yamal,95.7,58.7
Lamine Yamal,92.7,58.2
Lamine Yamal,44.5,50.7
Lamine Yamal,47.9,32.3
Lamine Yamal,57.9,64.4
Lamine Yamal,28.4,60.4
Lamine Yamal,65.9,54.2
Lamine Yamal,66.0,59.9
Lamine Yamal,44.2,63.4
Lamine Yamal,45.2,61.5
Lamine Yamal,104.5,0.3
Lamine Yamal,90.7,49.3
Lamine Yamal,44.0,64.3
Lamine Yamal,70.3,48.4
Lamine Yamal,16.7,62.1
Lamine Yamal,23.1,59.2
Lamine Yamal,22.2,59.1
Lamine Yamal,21.1,64.5
Lamine Yamal,25.2,65.3
Lamine Yamal,95.6,45.8
Lamine Yamal,99.1,46.5
Lamine Yamal,61.5,64.3
Lamine Yamal,91.8,65.2
Aymeric Laporte,60.3,21.3
Aymeric Laporte,57.1,18.5
Aymeric Laporte,63.8,17.6
Aymeric Laporte,48.4,31.6
Aymeric Laporte,14.7,9.2
Aymeric Laporte,8.4,29.2
Aymeric Laporte,41.1,17.3
Aymeric Laporte,30.3,10.5
Aymeric Laporte,42.3,9.5
Aymeric Laporte,43.5,12.5
Aymeric Laporte,68.1,22.0
Aymeric Laporte,35.0,44.2
Aymeric Laporte,36.8,43.0
Aymeric Laporte,55.4,22.1
Aymeric Laporte,54.6,22.7
Aymeric Laporte,28.0,19.2
Aymeric Laporte,82.3,8.7
Aymeric Laporte,32.9,25.8
Aymeric Laporte,35.9,19.5
Aymeric Laporte,57.5,24.4
Aymeric Laporte,56.4,24.1
Aymeric Laporte,63.6,21.9
Aymeric Laporte,34.5,26.8
Aymeric Laporte,57.7,28.5
Aymeric Laporte,49.2,13.3
Aymeric Laporte,48.6,23.6
Aymeric Laporte,50.5,24.2
Aymeric Laporte,46.1,44.7
Aymeric Laporte,60.9,25.1
Aymeric Laporte,32.4,26.8
Aymeric Laporte,54.0,21.0
Aymeric Laporte,60.2,23.7
Aymeric Laporte,69.2,26.7
Aymeric Laporte,46.5,25.5
Aymeric Laporte,58.2,22.5
Aymeric Laporte,63.2,23.9
Aymeric Laporte,71.7,19.8
Aymeric Laporte,59.8,16.8
Aymeric Laporte,27.8,34.3
Aymeric Laporte,26.3,27.5
Aymeric Laporte,23.2,25.7
Aymeric Laporte,10.3,19.5
Aymeric Laporte,48.1,35.0
Aymeric Laporte,51.2,33.6
Aymeric Laporte,39.0,25.5
Aymeric Laporte,45.2,22.7
Aymeric Laporte,40.3,26.9
Aymeric Laporte,56.4,21.5
Aymeric Laporte,41.7,6.4
Aymeric Laporte,39.4,16.6
Aymeric Laporte,8.4,32.6
Aymeric Laporte,20.3,30.3
Aymeric Laporte,20.3,30.3
Aymeric Laporte,73.4,20.4
Aymeric Laporte,28.8,30.3
Aymeric Laporte,64.4,16.8
Aymeric Laporte,58.4,17.5
Aymeric Laporte,55.9,32.2
Aymeric Laporte,74.3,19.5
Aymeric Laporte,42.2,7.0
Aymeric Laporte,42.3,6.0
Aymeric Laporte,40.8,5.1
Aymeric Laporte,33.9,19.5
Aymeric Laporte,20.8,10.4
Aymeric Laporte,13.0,10.9
Aymeric Laporte,42.2,23.5
Aymeric Laporte,32.9,17.9
Aymeric Laporte,27.4,26.7
Aymeric Laporte,28.9,23.3
Aymeric Laporte,27.0,14.7
Aymeric Laporte,28.9,11.4
Aymeric Laporte,32.5,25.9
Aymeric Laporte,37.3,19.5
Aymeric Laporte,34.9,23.1
Aymeric Laporte,8.5,32.2
Aymeric Laporte,20.6,23.2
Aymeric Laporte,8.7,35.5
Aymeric Laporte,24.3,15.7
Aymeric Laporte,41.1,21.5
Aymeric Laporte,47.9,15.0
Aymeric Laporte,34.7,24.6
Aymeric Laporte,20.7,13.8
Aymeric Laporte,30.9,16.2
Aymeric Laporte,56.5,13.1
Aymeric Laporte,54.5,14.5
Aymeric Laporte,4.8,26.4
Aymeric Laporte,24.8,17.2
Aymeric Laporte,21.2,20.6
Aymeric Laporte,4.7,26.1
Aymeric Laporte,20.3,13.1
Aymeric Laporte,24.4,16.6
Aymeric Laporte,21.4,24.4
Aymeric Laporte,12.8,20.2
Aymeric Laporte,40.2,7.2
Aymeric Laporte,21.7,21.6
Aymeric Laporte,8.6,17.8
Aymeric Laporte,11.0,25.0
Aymeric Laporte,40.9,21.5
Aymeric Laporte,56.3,6.0
Aymeric Laporte,22.7,17.5
Aymeric Laporte,14.5,11.1
Aymeric Laporte,44.9,12.5
Aymeric Laporte,40.9,20.2
Aymeric Laporte,37.5,19.9
Aymeric Laporte,42.1,25.9
Aymeric Laporte,24.2,20.6
Aymeric Laporte,23.4,23.4
Aymeric Laporte,17.6,18.3
Aymeric Laporte,19.5,19.1
Aymeric Laporte,19.1,11.7
Aymeric Laporte,4.7,26.2
Aymeric Laporte,12.1,11.3
Aymeric Laporte,28.0,17.0
Aymeric Laporte,32.9,21.5
Aymeric Laporte,27.7,20.6
Aymeric Laporte,28.8,14.3
Aymeric Laporte,9.1,2.3
Aymeric Laporte,27.6,11.9
Aymeric Laporte,24.3,14.5
Aymeric Laporte,45.9,21.2
Aymeric Laporte,1.9,28.0
Aymeric Laporte,2.8,31.5
Aymeric Laporte,40.5,21.7
Aymeric Laporte,39.8,26.1
Aymeric Laporte,39.8,26.1
Pedri,61.0,8.8
Pedri,68.6,8.3
Pedri,71.5,33.5
Pedri,79.8,50.5
Pedri,54.9,23.3
Pedri,64.8,47.9
Pedri,56.5,17.1
Pedri,62.0,46.8
Pedri,41.4,56.9
Pedri,71.6,45.3
Pedri,61.1,47.0
Pedri,31.4,44.3
Pedri,47.7,12.7
Pedri,17.4,63.5
Pedri,23.9,63.0
Pedri,28.3,63.0
Pedri,48.3,22.7
Pedri,54.5,37.7
Pedri,62.6,44.0
Pedri,73.1,44.3
Pedri,57.0,36.1
Pedri,65.9,11.5
Pedri,59.2,22.3
Pedri,71.5,15.5
Pedri,61.7,17.5
Pedri,71.8,26.6
Pedri,101.6,5.4
Pedri,103.7,8.2
Pedri,63.7,10.6
Pedri,61.2,23.2
Pedri,65.5,18.5
Pedri,83.6,19.1
Pedri,92.7,19.9
Pedri,92.0,19.5
Pedri,59.6,29.0
Pedri,61.1,43.6
Pedri,29.4,64.5
Pedri,68.6,14.3
Pedri,57.9,2.6
Pedri,13.3,43.4
Pedri,44.3,59.4
Pedri,78.3,14.9
Pedri,70.2,23.6
Pedri,70.0,22.5
Pedri,75.5,49.5
Pedri,72.8,52.4
Pedri,76.0,31.9
Pedri,70.9,7.7
Pedri,65.1,11.4
Pedri,65.1,11.4
Pedri,56.2,49.8
Pedri,76.1,49.5
Pedri,47.8,10.2
Pedri,49.9,29.2
Pedri,45.2,22.1
Pedri,48.0,19.4
Pedri,47.5,30.0
Pedri,30.6,28.5
Pedri,35.5,16.0
Pedri,38.9,16.4
Pedri,25.4,4.8
Pedri,26.5,4.0
Pedri,46.4,20.2
Pedri,50.4,29.5
Pedri,46.3,31.3
Pedri,53.8,11.9
Pedri,72.0,8.4
Pedri,90.3,11.3
Pedri,63.3,31.6
Pedri,54.7,21.8
Fabián Ruiz,26.6,35.9
Fabián Ruiz,41.3,43.2
Fabián Ruiz,53.5,12.7
Fabián Ruiz,55.8,46.5
Fabián Ruiz,44.7,10.4
Fabián Ruiz,39.3,16.9
Fabián Ruiz,39.5,22.7
Fabián Ruiz,73.0,19.8
Fabián Ruiz,23.3,5.1
Fabián Ruiz,75.7,26.4
Fabián Ruiz,79.8,3.4
Fabián Ruiz,74.3,25.0
Fabián Ruiz,78.3,52.6
Fabián Ruiz,63.7,32.8
Fabián Ruiz,47.5,26.4
Fabián Ruiz,33.1,46.4
Fabián Ruiz,30.9,42.5
Fabián Ruiz,31.1,28.5
Fabián Ruiz,29.2,8.9
Fabián Ruiz,10.3,7.6
Fabián Ruiz,35.5,10.3
Fabián Ruiz,23.9,3.8
Fabián Ruiz,36.8,5.1
Fabián Ruiz,66.3,24.6
Fabián Ruiz,56.7,19.0
Fabián Ruiz,79.1,22.7
Fabián Ruiz,12.1,26.0
Fabián Ruiz,58.2,10.6
Fabián Ruiz,61.9,16.7
Dani Olmo,67.1,36.7
Dani Olmo,89.7,37.5
Dani Olmo,41.6,39.5
Dani Olmo,40.0,30.1
Dani Olmo,92.0,36.9
Dani Olmo,30.6,43.4
Dani Olmo,28.8,58.2
Dani Olmo,24.7,16.4
Dani Olmo,93.2,48.8
Dani Olmo,93.0,50.9
Dani Olmo,97.1,49.1
Dani Olmo,59.8,61.2
Dani Olmo,48.3,51.4
Dani Olmo,69.5,40.8
Dani Olmo,68.1,35.0
Dani Olmo,47.8,40.1
Dani Olmo,50.3,40.5
Dani Olmo,33.9,49.7
Dani Olmo,29.6,23.9
Dani Olmo,46.0,31.2
Dani Olmo,39.8,29.0
Dani Olmo,63.5,56.1
Dani Olmo,36.5,12.3
Dani Olmo,38.7,50.2
Dani Olmo,63.0,47.2
Dani Olmo,11.9,26.7
Dani Olmo,26.9,59.6
Dani Olmo,66.4,18.7
Yéremi Pino,53.9,21.2
Yéremi Pino,27.3,2.5
Yéremi Pino,91.4,47.0
Yéremi Pino,90.0,62.6
Yéremi Pino,68.5,6.4
Yéremi Pino,72.9,4.3
Yéremi Pino,56.4,61.8
Yéremi Pino,34.1,58.3
Yéremi Pino,43.2,63.8
Yéremi Pino,26.7,60.7
Yéremi Pino,68.5,64.7
Yéremi Pino,64.8,51.4
Yéremi Pino,38.2,49.8
Yéremi Pino,38.2,49.8
Yéremi Pino,38.3,42.2
Ferran Torres,46.5,47.2
Ferran Torres,46.5,47.2
Ferran Torres,35.8,37.7
Ferran Torres,43.0,36.2
Ferran Torres,51.7,36.4
Ferran Torres,44.4,46.0
Ferran Torres,77.4,31.7
Ferran Torres,84.0,33.4
Ferran Torres,89.8,33.2
Ferran Torres,100.8,61.1
Ferran Torres,100.4,62.0
Nico Williams,62.2,7.4
Nico Williams,71.2,3.3
Nico Williams,32.1,8.7
Nico Williams,10.8,43.2
Nico Williams,42.8,6.4
Nico Williams,75.4,23.3
Nico Williams,75.4,23.3
Nico Williams,49.0,9.1
Nico Williams,79.8,18.3
Nico Williams,77.9,19.7
Mikel Oyarzabal,52.4,33.9
Mikel Oyarzabal,57.1,44.7
Mikel Oyarzabal,55.2,49.5
Mikel Oyarzabal,72.9,52.6
Mikel Oyarzabal,95.9,36.7
Mikel Oyarzabal,88.4,9.1
Mikel Oyarzabal,80.6,4.4
Mikel Oyarzabal,55.2,45.1
Mikel Oyarzabal,62.1,52.6
Mikel Oyarzabal,81.1,46.1
Mikel Oyarzabal,92.5,24.8
Mikel Oyarzabal,91.8,24.8
Mikel Oyarzabal,90.8,25.1
Mikel Oyarzabal,97.2,37.8
Mikel Oyarzabal,97.3,17.4
Mikel Oyarzabal,94.7,30.8
Mikel Oyarzabal,91.5,37.8
Mikel Oyarzabal,87.0,42.9
Mikel Oyarzabal,89.5,43.6
Mikel Oyarzabal,98.5,10.6
Mikel Oyarzabal,99.1,12.2
Mikel Oyarzabal,56.4,46.5
Mikel Oyarzabal,57.0,47.5
Mikel Oyarzabal,38.5,60.8
Mikel Oyarzabal,20.0,61.4
Mikel Oyarzabal,75.7,18.3
Mikel Oyarzabal,74.7,45.3
Mikel Oyarzabal,84.3,33.2
Mikel Oyarzabal,38.1,18.5
Mikel Oyarzabal,96.2,35.3
Mikel Oyarzabal,69.4,28.1
Mikel Oyarzabal,87.3,19.3
Mikel Oyarzabal,41.7,19.5
Mikel Oyarzabal,65.1,17.6
Mikel Oyarzabal,66.0,5.8
Mikel Oyarzabal,50.1,40.6
Mikel Oyarzabal,55.5,36.9
Mikel Oyarzabal,57.3,30.3
Mikel Oyarzabal,84.1,28.4
Mikel Oyarzabal,70.7,22.0
Mikel Oyarzabal,63.6,44.2
Mikel Oyarzabal,100.5,17.4
Mikel Oyarzabal,101.8,7.9
Mikel Oyarzabal,37.8,49.5
Mikel Oyarzabal,37.6,47.9
Mikel Oyarzabal,42.3,59.3
Mikel Oyarzabal,95.4,33.9
Rodri,36.3,37.9
Rodri,44.4,20.8
Rodri,28.5,35.1
Rodri,54.4,19.5
Rodri,74.3,33.5
Rodri,73.3,32.9
Rodri,80.6,64.1
Rodri,80.6,64.1
Rodri,71.3,35.3
Rodri,59.5,44.6
Rodri,57.9,14.3
Rodri,32.7,34.2
Rodri,56.4,52.2
Rodri,51.8,30.2
Rodri,32.4,45.1
Rodri,66.5,18.6
Rodri,27.7,3.9
Rodri,48.4,48.5
Rodri,58.7,20.3
Rodri,59.8,55.0
Rodri,56.5,30.9
Rodri,46.8,23.4
Rodri,55.5,26.7
Rodri,65.0,16.4
Rodri,50.6,52.0
Rodri,44.7,63.5
Rodri,21.5,40.6
Rodri,66.4,20.5
Rodri,37.9,35.1
Rodri,53.9,11.5
Rodri,62.9,20.4
Rodri,31.1,11.4
Rodri,59.8,43.4
Rodri,59.8,43.7
Rodri,37.9,20.6
Rodri,49.2,37.6
Rodri,61.6,49.2
Rodri,38.3,36.2
Rodri,34.6,41.4
Rodri,41.3,30.9
Rodri,17.1,23.5
Rodri,19.1,17.5
Rodri,42.9,5.4
Rodri,29.2,42.6
Rodri,34.3,32.3
Rodri,67.2,17.1
Rodri,70.7,7.7
Rodri,70.8,11.0
Rodri,30.0,33.2
Rodri,48.6,17.3
Rodri,48.0,19.7
Rodri,36.9,44.1
Rodri,26.6,45.3
Rodri,34.0,34.2
Rodri,30.4,12.7
Rodri,30.4,12.7
Rodri,27.7,45.2
Rodri,12.3,44.4
Rodri,47.1,12.0
Rodri,46.6,31.3
Rodri,57.4,46.0
Rodri,68.2,22.3
Rodri,62.2,19.5
Rodri,73.0,50.6
Rodri,63.1,42.8
Rodri,28.3,18.5
Rodri,24.5,21.9
Rodri,12.9,18.7
Rodri,73.7,21.6
Rodri,89.6,37.7
Rodri,67.3,18.9
Rodri,60.9,19.5
Rodri,65.1,10.3
Rodri,77.9,34.9
Rodri,90.6,20.4
Rodri,47.7,30.6
Rodri,49.3,32.9
Rodri,46.8,21.1
Rodri,28.4,34.4
Rodri,49.4,19.1
Rodri,76.4,30.3
Rodri,24.7,47.5
Rodri,62.0,49.2
Rodri,67.3,27.2
Rodri,67.3,27.2
Rodri,26.5,44.8
Rodri,56.8,14.0
Rodri,46.0,50.2
Rodri,60.5,7.4
Rodri,73.7,39.6
Rodri,46.3,64.1
Rodri,57.4,58.3
Rodri,62.9,21.5
Rodri,61.3,6.8
Rodri,60.2,3.9
Rodri,59.4,5.8
Rodri,71.1,4.2
Rodri,65.0,3.0
Rodri,32.8,50.7
Rodri,32.4,50.5
Rodri,24.0,57.5
Rodri,57.2,16.4
Rodri,62.7,18.0
Rodri,73.8,25.5
Rodri,62.7,17.1
Rodri,48.4,5.3
Rodri,62.4,23.9
Rodri,57.6,20.4
Rodri,54.7,26.2
Rodri,34.3,47.4
Rodri,46.8,32.3
Rodri,47.1,17.8
Rodri,37.8,4.1
Rodri,24.9,26.2
Rodri,3.4,41.8
Rodri,51.1,31.8
Rodri,42.9,7.7
Rodri,34.9,23.4
Pedro Porro,30.5,61.0
Pedro Porro,48.6,27.2
Pedro Porro,29.4,64.5
Pedro Porro,30.3,61.0
Pedro Porro,42.8,64.7
Pedro Porro,49.3,68.0
Pedro Porro,44.0,65.8
Pedro Porro,74.7,60.5
Pedro Porro,87.3,62.0
Pedro Porro,95.7,68.0
Pedro Porro,58.8,50.0
Pedro Porro,66.0,35.8
Pedro Porro,76.0,62.0
Pedro Porro,60.8,58.7
Pedro Porro,38.7,62.8
Pedro Porro,35.4,64.3
Pedro Porro,43.0,57.5
Pedro Porro,85.5,63.2
Pedro Porro,82.2,49.4
Pedro Porro,70.1,63.0
Pedro Porro,63.9,68.0
Pedro Porro,68.1,63.9
Pedro Porro,49.2,35.8
Pedro Porro,50.5,37.0
Pedro Porro,69.9,64.1
Pedro Porro,67.4,52.5
Pedro Porro,101.2,58.8
Pedro Porro,68.1,50.9
Pedro Porro,68.6,51.8
Pedro Porro,62.1,64.5
Pedro Porro,44.6,68.0
Pedro Porro,42.3,64.5
Pedro Porro,34.7,65.5
Pedro Porro,59.8,61.4
Pedro Porro,48.6,60.7
Pedro Porro,60.6,63.3
Pedro Porro,86.3,47.9
Pedro Porro,45.0,63.0
Pedro Porro,47.6,12.4
Pedro Porro,41.0,6.2
Pedro Porro,90.1,51.6
Pedro Porro,11.8,47.9
Pedro Porro,18.2,52.9
Pedro Porro,41.6,47.3
Pedro Porro,63.5,63.2
Pedro Porro,50.8,44.3
Pedro Porro,47.2,44.1
Pedro Porro,47.2,44.1
Pedro Porro,47.6,61.6
Pedro Porro,65.6,53.7
Pedro Porro,72.5,55.6
Pedro Porro,69.8,64.7
Pedro Porro,78.3,64.2
Pedro Porro,73.0,59.9
Pedro Porro,95.5,52.8
Pedro Porro,64.5,57.2
Pedro Porro,77.4,48.8
Pedro Porro,26.7,54.7
Pedro Porro,26.7,54.7
Pedro Porro,65.8,64.5
Pedro Porro,88.6,61.2
Pedro Porro,82.9,56.7
Pedro Porro,82.0,55.9
Pedro Porro,79.9,49.3
Pedro Porro,98.1,32.9
Pedro Porro,65.4,55.7
Pedro Porro,56.6,65.3
Pedro Porro,64.0,63.0
Pedro Porro,42.5,59.2
Pedro Porro,4.9,57.8
Pedro Porro,12.2,63.0
Pedro Porro,24.7,65.7
Pedro Porro,12.3,56.3
Pedro Porro,7.1,53.3
Pedro Porro,37.7,65.8
Pedro Porro,37.0,65.4
Pedro Porro,48.5,64.3
Pedro Porro,66.8,52.8
Pedro Porro,62.7,51.4
Pedro Porro,92.2,31.6
Pedro Porro,93.1,62.4
Pedro Porro,21.3,60.9
Pedro Porro,11.6,61.8
Pedro Porro,9.8,65.9
Pedro Porro,41.8,63.9
Pedro Porro,37.3,64.9
Pedro Porro,18.3,30.0
Pedro Porro,57.1,65.3
Pedro Porro,31.3,59.1
Dani Olmo,48.3,48.8
Dani Olmo,48.0,46.7
Dani Olmo,70.7,6.0
Dani Olmo,61.5,49.6
Dani Olmo,45.6,51.4
Dani Olmo,49.9,62.2
Dani Olmo,91.6,36.5
Dani Olmo,71.9,26.8
Dani Olmo,70.9,19.2
Dani Olmo,77.8,58.8
Dani Olmo,56.4,23.6
Dani Olmo,42.9,42.8
Dani Olmo,76.9,13.5
Dani Olmo,70.7,10.0
Dani Olmo,68.9,37.2
Dani Olmo,94.3,37.6
Dani Olmo,101.4,47.1
Dani Olmo,87.1,31.0
Dani Olmo,82.0,48.6
Dani Olmo,73.5,50.0
Dani Olmo,49.7,40.8
Dani Olmo,65.3,31.3
Dani Olmo,91.6,32.6
Dani Olmo,25.6,37.7
Dani Olmo,31.1,51.4
Dani Olmo,54.4,46.1
Dani Olmo,56.4,50.0
Dani Olmo,12.5,46.1
Dani Olmo,26.2,52.8
Dani Olmo,74.7,4.5
Dani Olmo,32.1,58.1
Dani Olmo,32.1,51.4
Dani Olmo,59.2,58.3
Dani Olmo,64.4,9.1
Dani Olmo,74.3,21.0
Dani Olmo,81.0,32.0
Dani Olmo,91.4,36.2
Dani Olmo,53.9,58.6
Dani Olmo,47.8,40.1
Dani Olmo,89.1,43.0
Dani Olmo,74.7,34.6
Dani Olmo,77.2,22.0
Dani Olmo,78.8,21.3
Dani Olmo,83.5,24.0
Pau Cubarsí,8.7,41.3
Pau Cubarsí,36.7,18.4
Pau Cubarsí,10.6,48.7
Pau Cubarsí,11.8,26.3
Pau Cubarsí,25.1,48.7
Pau Cubarsí,27.4,45.8
Pau Cubarsí,20.9,60.4
Pau Cubarsí,34.1,51.4
Pau Cubarsí,35.4,50.2
Pau Cubarsí,46.2,46.0
Pau Cubarsí,71.2,61.1
Pau Cubarsí,56.6,33.9
Pau Cubarsí,45.0,42.3
Pau Cubarsí,68.1,42.4
Pau Cubarsí,69.1,48.9
Pau Cubarsí,64.8,50.7
Pau Cubarsí,35.6,15.3
Pau Cubarsí,30.4,15.0
Pau Cubarsí,31.5,39.1
Pau Cubarsí,31.8,50.6
Pau Cubarsí,28.6,43.9
Pau Cubarsí,34.6,51.6
Pau Cubarsí,31.6,26.2
Pau Cubarsí,44.4,24.6
Pau Cubarsí,14.9,55.0
Pau Cubarsí,55.5,41.4
Pau Cubarsí,36.6,52.2
Pau Cubarsí,49.0,60.3
Pau Cubarsí,43.9,52.5
Pau Cubarsí,51.0,41.6
Pau Cubarsí,48.9,30.4
Pau Cubarsí,47.2,48.3
Pau Cubarsí,103.2,34.9
Pau Cubarsí,41.3,43.0
Pau Cubarsí,35.7,61.8
Pau Cubarsí,30.3,60.3
Pau Cubarsí,19.2,57.6
Pau Cubarsí,18.9,44.2
Pau Cubarsí,62.7,50.2
Pau Cubarsí,28.0,47.6
Pau Cubarsí,29.4,41.4
Pau Cubarsí,25.4,59.5
Pau Cubarsí,55.8,49.5
Pau Cubarsí,55.9,53.7
Pau Cubarsí,36.3,43.2
Pau Cubarsí,37.5,46.1
Pau Cubarsí,36.5,45.2
Pau Cubarsí,47.2,47.9
Pau Cubarsí,60.4,55.8
Pau Cubarsí,41.9,57.8
Pau Cubarsí,69.9,61.8
Pau Cubarsí,31.3,49.5
Pau Cubarsí,31.5,46.7
Pau Cubarsí,30.4,35.1
Pau Cubarsí,15.6,50.4
Pau Cubarsí,9.7,42.6
Pau Cubarsí,15.2,44.2
Pau Cubarsí,95.1,39.0
Pau Cubarsí,92.8,44.6
Pau Cubarsí,43.8,43.7
Pau Cubarsí,24.5,52.1
Pau Cubarsí,29.3,55.8
Pau Cubarsí,13.7,59.5
Pau Cubarsí,33.3,31.1
Pau Cubarsí,47.8,57.3
Pau Cubarsí,26.5,25.3
Pau Cubarsí,19.9,30.3
Pau Cubarsí,67.8,41.8
Pau Cubarsí,23.3,48.3
Pau Cubarsí,69.7,57.8
Pau Cubarsí,51.2,26.9
Pau Cubarsí,50.8,36.4
Pau Cubarsí,50.8,36.4
Pau Cubarsí,28.2,42.4
Pau Cubarsí,24.7,51.2
Pau Cubarsí,30.0,56.5
Pau Cubarsí,46.2,37.4
Pau Cubarsí,33.9,49.3
Pau Cubarsí,38.1,50.0
Pau Cubarsí,36.9,48.7
Pau Cubarsí,65.3,47.4
Pau Cubarsí,45.5,45.5
Pau Cubarsí,41.4,48.6
Pau Cubarsí,47.6,45.9
Pau Cubarsí,24.2,53.3
Pau Cubarsí,48.7,48.8
Pau Cubarsí,54.4,43.3
Pau Cubarsí,54.4,43.3
Pau Cubarsí,49.4,35.1
Pau Cubarsí,47.1,38.5
Pau Cubarsí,35.2,45.3
Pau Cubarsí,15.5,47.4
Pau Cubarsí,47.8,34.5
Pau Cubarsí,32.4,25.7
Pau Cubarsí,24.5,47.9
Pau Cubarsí,48.6,34.9
Pau Cubarsí,48.6,34.9
Pau Cubarsí,11.3,5.8
Pau Cubarsí,19.7,10.5
Pau Cubarsí,11.8,63.9
Pau Cubarsí,10.3,63.2
Pau Cubarsí,19.5,16.4
Lamine Yamal,26.1,47.1
Lamine Yamal,40.4,32.3
Lamine Yamal,85.6,22.4
Lamine Yamal,34.3,61.4
Lamine Yamal,62.4,49.8
Lamine Yamal,59.3,48.9
Lamine Yamal,71.8,37.8
Lamine Yamal,85.4,18.2
Lamine Yamal,99.5,18.9
Lamine Yamal,97.2,17.8
Lamine Yamal,57.7,62.2
Lamine Yamal,50.2,63.3
Lamine Yamal,92.4,62.2
Lamine Yamal,65.6,62.8
Lamine Yamal,81.9,63.9
Lamine Yamal,96.5,51.4
Lamine Yamal,55.6,65.9
Lamine Yamal,89.5,63.2
Lamine Yamal,72.2,57.3
Lamine Yamal,75.4,55.9
Lamine Yamal,76.7,64.1
Lamine Yamal,75.4,65.3
Lamine Yamal,72.5,64.7
Lamine Yamal,88.9,64.5
Lamine Yamal,73.5,48.9
Lamine Yamal,77.3,48.9
Lamine Yamal,104.5,67.7
Lamine Yamal,65.4,61.4
Lamine Yamal,68.3,64.5
Lamine Yamal,102.2,51.9
Lamine Yamal,104.3,46.7
Lamine Yamal,104.5,67.7
Lamine Yamal,97.7,50.0
Lamine Yamal,85.5,56.5
Lamine Yamal,83.1,36.4
Lamine Yamal,78.3,63.9
Lamine Yamal,89.9,58.9
Lamine Yamal,99.9,54.1
Lamine Yamal,55.6,63.0
Lamine Yamal,101.7,28.6
Lamine Yamal,75.8,62.8
Lamine Yamal,64.6,64.5
Lamine Yamal,67.2,64.5
Lamine Yamal,92.6,59.2
Lamine Yamal,97.2,52.2
Lamine Yamal,96.1,52.0
Lamine Yamal,76.1,61.8
Lamine Yamal,91.4,49.8
Lamine Yamal,82.3,10.3
Lamine Yamal,59.8,32.5
Lamine Yamal,65.8,37.2
Lamine Yamal,79.4,62.4
Lamine Yamal,74.7,63.0
Lamine Yamal,74.7,64.5
Lamine Yamal,90.1,48.8
Lamine Yamal,90.1,48.8
Lamine Yamal,94.2,50.0
Lamine Yamal,59.4,62.8
Lamine Yamal,93.7,50.0
Lamine Yamal,90.9,57.3
Lamine Yamal,87.4,58.7
Lamine Yamal,84.6,58.0
Lamine Yamal,65.0,56.2
Lamine Yamal,104.5,0.3
Lamine Yamal,72.5,45.6
Lamine Yamal,73.0,59.7
Lamine Yamal,70.8,59.9
Lamine Yamal,96.5,32.0
Álex Baena,66.0,18.2
Álex Baena,75.3,3.5
Álex Baena,77.8,4.7
Álex Baena,89.5,21.8
Álex Baena,91.2,11.7
Álex Baena,104.5,0.3
Álex Baena,89.7,5.6
Álex Baena,82.2,5.3
Álex Baena,99.5,17.6
Álex Baena,104.6,0.3
Álex Baena,82.7,2.4
Álex Baena,62.8,1.8
Álex Baena,71.7,23.9
Álex Baena,89.1,4.1
Álex Baena,97.1,8.5
Álex Baena,98.3,11.7
Álex Baena,104.5,0.3
Álex Baena,80.5,2.2
Álex Baena,76.6,2.7
Álex Baena,78.0,10.0
Álex Baena,74.5,2.6
Álex Baena,59.2,3.9
Álex Baena,80.6,2.4
Álex Baena,77.4,4.7
Álex Baena,76.1,10.9
Álex Baena,79.8,11.9
Álex Baena,80.8,21.7
Álex Baena,73.9,11.8
Álex Baena,39.4,12.0
Álex Baena,72.4,43.9
Álex Baena,72.4,43.9
Álex Baena,104.6,0.4
Álex Baena,39.2,5.6
Álex Baena,46.2,3.2
Álex Baena,92.2,5.6
Álex Baena,89.3,2.7
Álex Baena,77.9,16.4
Álex Baena,79.7,18.3
Álex Baena,77.6,20.2
Álex Baena,93.3,12.5
Álex Baena,67.8,5.3
Álex Baena,80.5,65.5
Álex Baena,77.5,3.9
Álex Baena,104.5,0.3
Álex Baena,62.6,15.6
Álex Baena,87.6,25.7
Álex Baena,79.8,15.7
Álex Baena,99.3,16.9
Álex Baena,100.4,9.6
Álex Baena,89.4,9.7
Álex Baena,104.5,0.3
Álex Baena,61.0,10.0
Álex Baena,50.0,3.1
Álex Baena,93.3,4.1
Álex Baena,88.4,4.3
Álex Baena,80.7,17.8
Álex Baena,77.3,24.4
Álex Baena,77.3,24.4
Álex Baena,72.6,27.5
Álex Baena,77.4,17.5
Álex Baena,82.6,12.9
Álex Baena,81.4,6.2
Álex Baena,100.3,19.1
Marc Cucurella,63.9,0.0
Marc Cucurella,57.4,4.1
Marc Cucurella,37.6,23.4
Marc Cucurella,66.7,16.8
Marc Cucurella,90.4,0.0
Marc Cucurella,47.3,3.7
Marc Cucurella,78.1,17.0
Marc Cucurella,79.6,12.7
Marc Cucurella,60.9,0.9
Marc Cucurella,30.1,0.0
Marc Cucurella,31.5,16.2
Marc Cucurella,83.5,3.4
Marc Cucurella,44.8,0.0
Marc Cucurella,63.7,2.5
Marc Cucurella,65.0,4.5
Marc Cucurella,64.0,0.0
Marc Cucurella,62.6,18.5
Marc Cucurella,88.4,3.2
Marc Cucurella,35.2,21.6
Marc Cucurella,59.6,7.0
Marc Cucurella,46.7,2.8
Marc Cucurella,93.0,11.3
Marc Cucurella,40.1,3.9
Marc Cucurella,36.5,29.2
Marc Cucurella,66.9,37.1
Marc Cucurella,79.4,6.6
Marc Cucurella,41.3,43.6
Marc Cucurella,32.4,7.2
Marc Cucurella,40.9,5.6
Marc Cucurella,37.6,6.2
Marc Cucurella,90.5,15.3
Marc Cucurella,81.5,11.7
Marc Cucurella,77.8,12.6
Marc Cucurella,64.6,0.0
Marc Cucurella,35.6,37.8
Marc Cucurella,45.1,8.3
Marc Cucurella,59.2,20.1
Marc Cucurella,58.3,17.1
Marc Cucurella,11.7,4.5
Marc Cucurella,14.6,3.7
Marc Cucurella,42.2,4.7
Marc Cucurella,74.3,0.0
Marc Cucurella,101.6,6.8
Marc Cucurella,89.5,10.2
Marc Cucurella,82.3,15.4
Marc Cucurella,79.3,15.3
Marc Cucurella,85.8,19.0
Marc Cucurella,87.1,0.0
Marc Cucurella,79.4,3.5
Marc Cucurella,85.3,0.0
Marc Cucurella,45.0,10.7
Marc Cucurella,82.5,20.3
Marc Cucurella,75.8,4.5
Marc Cucurella,81.4,7.4
Marc Cucurella,15.4,2.9
Marc Cucurella,20.4,0.0
Marc Cucurella,44.8,8.1
Marc Cucurella,73.5,16.6
Marc Cucurella,74.5,24.0
Marc Cucurella,90.0,20.6
Marc Cucurella,90.9,18.4
Marc Cucurella,66.6,0.0
Marc Cucurella,35.2,7.2
Marc Cucurella,49.7,31.1
Marc Cucurella,68.2,16.8
Marc Cucurella,80.9,14.5
Marc Cucurella,9.5,32.6
Marc Cucurella,40.1,7.3
Marc Cucurella,45.7,7.0
Marc Cucurella,48.6,8.1
Marc Cucurella,56.0,10.7
Marc Cucurella,60.2,10.3
Marc Cucurella,36.8,17.2
Marc Cucurella,81.4,5.3
Marc Cucurella,28.4,9.7
Marc Cucurella,31.3,8.7
Marc Cucurella,40.2,4.9
Marc Cucurella,38.9,13.5
Marc Cucurella,40.5,5.9
Marc Cucurella,22.7,4.7
Marc Cucurella,22.7,4.7
Marc Cucurella,35.5,3.0
Marc Cucurella,19.1,5.4
Marc Cucurella,28.4,4.5
Aymeric Laporte,47.9,3.8
Aymeric Laporte,47.9,3.8
Aymeric Laporte,19.3,9.5
Aymeric Laporte,17.9,9.5
Aymeric Laporte,8.9,30.3
Aymeric Laporte,31.4,20.6
Aymeric Laporte,24.7,25.5
Aymeric Laporte,42.3,31.0
Aymeric Laporte,60.7,22.6
Aymeric Laporte,62.8,18.0
Aymeric Laporte,101.7,30.3
Aymeric Laporte,101.7,30.3
Aymeric Laporte,86.0,27.4
Aymeric Laporte,44.5,22.2
Aymeric Laporte,70.6,33.5
Aymeric Laporte,48.7,22.8
Aymeric Laporte,27.7,19.7
Aymeric Laporte,9.2,7.7
Aymeric Laporte,30.0,22.4
Aymeric Laporte,11.8,30.1
Aymeric Laporte,55.2,29.1
Aymeric Laporte,57.7,32.4
Aymeric Laporte,46.4,31.1
Aymeric Laporte,54.5,18.0
Aymeric Laporte,48.7,18.3
Aymeric Laporte,54.6,23.8
Aymeric Laporte,51.5,19.9
Aymeric Laporte,57.6,20.6
Aymeric Laporte,56.1,16.0
Aymeric Laporte,41.6,21.3
Aymeric Laporte,59.3,7.2
Aymeric Laporte,58.8,4.1
Aymeric Laporte,42.7,8.7
Aymeric Laporte,32.9,36.5
Aymeric Laporte,35.4,34.0
Aymeric Laporte,19.8,25.7
Aymeric Laporte,14.1,20.8
Aymeric Laporte,59.6,17.2
Aymeric Laporte,36.6,30.0
Aymeric Laporte,12.8,33.9
Aymeric Laporte,12.8,33.9
Aymeric Laporte,4.6,26.2
Aymeric Laporte,18.3,30.6
Aymeric Laporte,57.2,48.8
Aymeric Laporte,43.6,43.0
Aymeric Laporte,43.6,43.0
Aymeric Laporte,48.6,27.4
Aymeric Laporte,48.6,27.4
Aymeric Laporte,49.2,50.9
Aymeric Laporte,45.8,44.4
Aymeric Laporte,31.4,21.7
Aymeric Laporte,35.2,52.2
Aymeric Laporte,33.1,49.5
Aymeric Laporte,49.3,37.4
Aymeric Laporte,47.5,20.9
Aymeric Laporte,27.8,17.6
Aymeric Laporte,35.4,21.5
Aymeric Laporte,30.4,20.5
Aymeric Laporte,27.9,19.5
Aymeric Laporte,65.6,17.1
Aymeric Laporte,11.2,39.9
Aymeric Laporte,48.7,4.7
Aymeric Laporte,57.9,5.6
Aymeric Laporte,11.4,18.7
Aymeric Laporte,41.7,4.1
Aymeric Laporte,43.7,6.8
Aymeric Laporte,18.4,25.7
Aymeric Laporte,13.9,30.3
Aymeric Laporte,65.5,9.8
Aymeric Laporte,60.9,10.0
Aymeric Laporte,64.7,4.3
Aymeric Laporte,43.4,22.7
Aymeric Laporte,45.2,11.8
Aymeric Laporte,28.6,16.4
Aymeric Laporte,33.2,17.2
Aymeric Laporte,55.7,18.9
Aymeric Laporte,80.0,18.9
Aymeric Laporte,64.9,22.7
Aymeric Laporte,69.2,23.4
Aymeric Laporte,31.3,39.0
Aymeric Laporte,5.1,27.9
Aymeric Laporte,10.8,11.9
Aymeric Laporte,47.8,21.7
Aymeric Laporte,50.1,23.2
Aymeric Laporte,40.3,23.4
Aymeric Laporte,27.1,19.1
Aymeric Laporte,28.9,19.5
Aymeric Laporte,44.2,25.7
Aymeric Laporte,59.5,16.6
Aymeric Laporte,52.7,8.4
Aymeric Laporte,63.3,7.5
Aymeric Laporte,59.4,4.1
Aymeric Laporte,60.0,2.7
Aymeric Laporte,11.4,36.4
Aymeric Laporte,4.7,26.3
Aymeric Laporte,35.8,41.1
Aymeric Laporte,35.8,41.1
Aymeric Laporte,4.9,26.9
Aymeric Laporte,41.9,20.7
Aymeric Laporte,56.1,18.4
Aymeric Laporte,44.2,18.8
Aymeric Laporte,4.9,27.2
Aymeric Laporte,46.3,20.9
Aymeric Laporte,41.1,23.2
Aymeric Laporte,46.2,24.8
Aymeric Laporte,33.3,8.3
Aymeric Laporte,28.7,18.0
Aymeric Laporte,24.1,18.6
Aymeric Laporte,47.4,20.5
Aymeric Laporte,24.1,22.4
Unai Simón,6.4,29.1
Unai Simón,12.7,33.1
Unai Simón,14.1,32.9
Unai Simón,24.7,35.4
Unai Simón,13.3,34.8
Unai Simón,2.9,30.6
Unai Simón,10.9,29.7
Unai Simón,14.1,34.2
Unai Simón,9.1,32.6
Unai Simón,12.0,32.3
Unai Simón,23.3,36.1
Unai Simón,11.8,46.3
Unai Simón,3.2,38.1
Unai Simón,19.6,30.3
Unai Simón,9.6,32.9
Unai Simón,12.8,32.9
Unai Simón,19.1,34.7
Unai Simón,11.8,38.1
Unai Simón,7.9,42.6
Unai Simón,5.5,29.5
Unai Simón,11.7,30.3
Unai Simón,13.7,32.4
Unai Simón,4.5,31.5
Unai Simón,33.8,23.8
Unai Simón,13.9,31.9
Unai Simón,7.2,38.6
Unai Simón,10.9,40.8
Unai Simón,13.5,44.8
Unai Simón,18.8,32.7
Unai Simón,10.7,40.6
Unai Simón,6.6,33.9
Unai Simón,20.0,49.8
Unai Simón,19.9,49.2
Unai Simón,21.2,44.1
Unai Simón,9.7,17.5
Unai Simón,10.9,18.0
Unai Simón,12.2,50.8
Unai Simón,12.7,50.2
Unai Simón,8.0,35.1
Unai Simón,7.9,36.7
Unai Simón,9.7,31.5
Unai Simón,3.3,28.8
Unai Simón,14.6,30.3
Unai Simón,9.4,36.7
Unai Simón,13.1,34.5
Pedri,84.3,11.2
Pedri,34.6,41.2
Pedri,59.0,43.2
Pedri,67.2,5.0
Pedri,69.2,57.2
Pedri,89.0,22.6
Pedri,89.0,22.6
Pedri,70.7,10.6
Pedri,62.0,42.5
Pedri,53.9,30.2
Pedri,38.1,43.0
Pedri,67.1,28.7
Pedri,67.6,50.0
Pedri,61.0,52.1
Pedri,60.6,9.9
Pedri,85.8,49.2
Pedri,73.1,2.8
Pedri,58.4,3.9
Pedri,45.9,11.7
Pedri,44.9,31.6
Pedri,27.7,30.8
Pedri,59.2,20.9
Pedri,80.0,15.4
Pedri,71.5,16.0
Pedri,64.9,19.5
Pedri,36.8,64.5
Pedri,36.8,64.5
Pedri,43.0,52.0
Pedri,42.0,65.3
Pedri,77.0,24.4
Pedri,57.2,49.3
Pedri,48.3,39.0
Pedri,56.8,46.9
Pedri,70.2,56.7
Pedri,59.4,55.8
Pedri,92.9,63.2
Pedri,93.5,63.5
Pedri,55.1,45.5
Pedri,47.3,50.4
Pedri,45.8,37.6
Pedri,36.9,25.0
Pedri,51.0,25.4
Pedri,68.3,13.5
Pedri,38.7,52.0
Pedri,72.1,7.9
Pedri,71.1,30.3
Pedri,29.3,26.2
Pedri,66.0,22.4
Pedri,71.6,21.5
Pedri,85.5,20.1
Pedri,75.7,7.2
Pedri,70.3,5.4
Pedri,75.4,9.1
Pedri,67.7,2.3
Pedri,67.7,2.3
Pedri,56.1,27.5
Pedri,56.1,27.5
Pedri,58.3,11.6
Pedri,84.1,15.3
Pedri,39.0,35.3
Pedri,80.7,23.9
Pedri,64.7,15.6
Pedri,69.8,10.1
Pedri,72.9,24.8
Pedri,78.8,22.3
Pedri,47.9,37.8
Pedri,54.1,39.6
Pedri,33.3,12.4
Pedri,66.9,35.3
Pedri,47.8,49.5
Pedri,73.0,57.8
Pedri,77.0,37.7
Pedri,73.1,49.6
Pedri,57.2,37.8
Pedri,39.4,21.9
Pedri,35.7,41.4
Pedri,49.0,40.8
Pedri,58.2,21.1
Pedri,74.6,17.4
Pedri,47.8,20.6
Pedri,36.5,6.2
Pedri,58.5,46.9
Pedri,61.9,21.3
Pedri,68.3,18.2
Pedri,65.6,7.2
Pedri,60.8,5.6
Pedri,44.4,17.8
Pedri,55.4,27.5
Pedri,36.0,6.0
Pedri,22.1,22.8
Pedri,33.0,10.0
Mikel Merino,81.8,45.8
Mikel Merino,57.4,60.3
Mikel Merino,58.0,61.4
Mikel Merino,34.1,42.3
Mikel Merino,17.5,60.9
Mikel Merino,37.4,37.9
Mikel Merino,59.4,31.3
Mikel Merino,94.3,18.1
Mikel Merino,102.1,15.0
Mikel Merino,55.6,39.8
Mikel Merino,48.5,46.0
Mikel Merino,73.3,41.4
Mikel Merino,47.9,31.3
Mikel Merino,76.5,34.2
Mikel Merino,65.7,5.1
Mikel Merino,64.0,18.4
Mikel Merino,61.7,22.3
Mikel Merino,70.1,16.6
Mikel Merino,28.0,32.7
Mikel Merino,58.0,49.0
Mikel Merino,57.5,51.2
Mikel Merino,39.9,57.1
Mikel Merino,32.8,49.6
Ferran Torres,103.5,21.0
Ferran Torres,60.2,3.9
Ferran Torres,66.7,8.5
Ferran Torres,66.5,12.3
Ferran Torres,44.8,6.6
Ferran Torres,77.9,32.9
Ferran Torres,98.9,44.4
Ferran Torres,88.5,7.4
Ferran Torres,92.9,37.6
Ferran Torres,97.3,18.7
Ferran Torres,97.7,19.1
Ferran Torres,78.1,4.1
Ferran Torres,27.6,54.6
Ferran Torres,25.8,56.0
Ferran Torres,62.6,62.6
Ferran Torres,95.1,48.6
Ferran Torres,11.8,52.3
Gavi,93.4,36.2
Gavi,56.5,18.8
Gavi,56.6,6.6
Gavi,33.4,6.5
Gavi,30.6,4.3
Gavi,29.2,5.6
Gavi,49.9,21.3
Gavi,46.3,6.4
Gavi,42.6,8.5
Gavi,33.0,2.5
Fabián Ruiz,48.1,30.1
Fabián Ruiz,48.1,30.1
Fabián Ruiz,38.6,49.4
Fabián Ruiz,27.1,16.9
Marc Pubill,25.0,47.9
Marc Pubill,21.7,52.1
Mikel Oyarzabal,52.6,34.0
Mikel Oyarzabal,62.0,39.7
Mikel Oyarzabal,80.5,25.5
Mikel Oyarzabal,33.7,62.4
Mikel Oyarzabal,32.8,23.3
Mikel Oyarzabal,59.7,47.2
Mikel Oyarzabal,91.6,28.1
Mikel Oyarzabal,4.2,38.3
Mikel Oyarzabal,4.2,38.3
Mikel Oyarzabal,44.6,43.7
Mikel Oyarzabal,3.8,28.5
Mikel Oyarzabal,40.5,1.4
Mikel Oyarzabal,44.4,10.5
Mikel Oyarzabal,69.4,37.5
Mikel Oyarzabal,80.7,42.8
Mikel Oyarzabal,78.1,24.5
Mikel Oyarzabal,91.0,40.3
Mikel Oyarzabal,91.3,40.4
Mikel Oyarzabal,70.0,9.5
Mikel Oyarzabal,68.5,16.4
Mikel Oyarzabal,66.7,2.5
Mikel Oyarzabal,73.6,33.0
Mikel Oyarzabal,74.8,36.1
Mikel Oyarzabal,22.0,57.8
Mikel Oyarzabal,25.6,52.3
Mikel Oyarzabal,22.9,52.3
Mikel Oyarzabal,76.1,15.5
Mikel Oyarzabal,51.3,28.0
Mikel Oyarzabal,48.5,24.6
Mikel Oyarzabal,74.0,23.2
Mikel Oyarzabal,89.6,30.0
Mikel Oyarzabal,51.0,39.8
Mikel Oyarzabal,77.9,33.7
Mikel Oyarzabal,80.6,47.9
Mikel Oyarzabal,90.4,45.1
Mikel Oyarzabal,90.7,42.5
Mikel Oyarzabal,40.1,7.9
Mikel Oyarzabal,79.0,50.4
Mikel Oyarzabal,69.2,44.4
Mikel Oyarzabal,58.7,39.0
Rodri,44.6,33.5
Rodri,63.8,51.8
Rodri,71.9,25.0
Rodri,60.2,25.7
Rodri,34.5,17.2
Rodri,44.1,48.8
Rodri,43.5,56.7
Rodri,47.4,49.8
Rodri,45.4,51.2
Rodri,44.9,50.6
Rodri,14.6,62.6
Rodri,9.6,64.6
Rodri,28.2,24.1
Rodri,31.0,47.6
Rodri,26.6,55.5
Rodri,36.4,48.2
Rodri,30.6,15.9
Rodri,30.6,15.9
Rodri,24.7,36.4
Rodri,27.7,17.9
Rodri,57.3,27.5
Rodri,44.3,20.6
Rodri,56.2,38.8
Rodri,49.4,35.7
Rodri,49.4,35.7
Rodri,56.9,51.2
Rodri,44.2,19.5
Rodri,55.9,18.7
Rodri,60.8,19.4
Rodri,54.6,19.4
Rodri,28.7,34.5
Rodri,57.7,42.3
Rodri,57.3,61.6
Rodri,56.3,27.3
Rodri,28.5,55.5
Rodri,43.5,38.3
Rodri,68.2,42.2
Rodri,39.4,46.2
Rodri,41.2,16.0
Rodri,41.2,16.0
Rodri,48.8,55.1
Rodri,42.5,44.2
Rodri,45.6,59.9
Rodri,46.5,50.9
Rodri,76.9,34.5
Rodri,79.6,44.6
Rodri,59.4,50.3
Rodri,43.6,46.6
Rodri,56.8,6.4
Rodri,41.7,10.1
Rodri,60.5,17.2
Rodri,39.6,41.7
Rodri,55.7,48.1
Rodri,62.3,49.5
Rodri,76.4,40.1
Rodri,44.6,22.5
Rodri,62.1,21.5
Rodri,28.2,62.6
Rodri,36.9,31.5
Rodri,54.9,19.3
Rodri,73.7,58.0
Rodri,42.7,45.5
Rodri,65.3,27.2
Rodri,58.7,19.8
Rodri,30.0,54.9
Rodri,32.4,46.4
Rodri,42.1,39.0
Rodri,71.3,17.1
Rodri,23.1,26.4
Rodri,50.5,33.5
Rodri,64.8,24.8
Rodri,69.4,39.7
Rodri,74.5,19.1
Rodri,74.5,19.1
Rodri,54.7,16.2
Rodri,44.5,26.5
Rodri,71.1,26.9
Rodri,67.3,48.3
Rodri,65.1,44.3
Rodri,70.6,43.0
Rodri,65.9,33.3
Rodri,45.3,22.3
Rodri,87.0,60.0
Rodri,24.7,7.2
Rodri,21.8,37.8
Rodri,75.8,44.0
Rodri,75.6,45.5
Rodri,71.1,47.6
Rodri,66.8,43.0
Rodri,64.5,42.4
Rodri,55.7,27.8
Rodri,48.3,30.7
Rodri,65.8,31.3
Rodri,91.4,10.9
Rodri,92.4,25.5
Rodri,91.9,26.2
Rodri,42.9,51.9
Rodri,54.2,33.0
Rodri,69.0,34.1
Rodri,25.1,16.0
Rodri,26.2,16.2
Rodri,76.2,45.5
Rodri,40.1,22.3
Rodri,25.7,53.1
Rodri,71.6,46.5
Rodri,25.8,20.9
Rodri,36.6,27.2
Rodri,59.0,34.9
Rodri,64.8,40.3
Rodri,71.2,24.4
Rodri,30.4,65.3
Rodri,25.3,59.2
Rodri,13.7,40.6
Rodri,50.3,61.0
Pau Cubarsí,31.8,42.4
Pau Cubarsí,44.1,49.3
Pau Cubarsí,29.2,45.9
Pau Cubarsí,30.4,51.6
Pau Cubarsí,49.5,44.9
Pau Cubarsí,39.6,58.0
Pau Cubarsí,32.3,51.6
Pau Cubarsí,48.9,47.0
Pau Cubarsí,4.7,56.5
Pau Cubarsí,27.7,65.5
Pau Cubarsí,31.2,49.7
Pau Cubarsí,44.0,42.0
Pau Cubarsí,51.2,37.2
Pau Cubarsí,7.0,47.6
Pau Cubarsí,20.4,58.7
Pau Cubarsí,24.8,33.8
Pau Cubarsí,8.3,51.4
Pau Cubarsí,56.9,48.6
Pau Cubarsí,58.4,50.6
Pau Cubarsí,13.5,45.1
Pau Cubarsí,59.1,47.9
Pau Cubarsí,56.2,50.9
Pau Cubarsí,20.3,47.0
Pau Cubarsí,41.4,51.4
Pau Cubarsí,98.1,30.7
Pau Cubarsí,43.0,63.0
Pau Cubarsí,13.2,57.3
Pau Cubarsí,25.7,57.5
Pau Cubarsí,32.4,60.2
Pau Cubarsí,38.1,59.8
Pau Cubarsí,31.6,32.6
Pau Cubarsí,68.1,32.3
Pau Cubarsí,56.3,52.0
Pau Cubarsí,39.0,50.8
Pau Cubarsí,39.3,44.5
Pau Cubarsí,58.0,54.3
Pau Cubarsí,59.1,63.7
Pau Cubarsí,57.7,60.1
Pau Cubarsí,45.4,58.6
Pau Cubarsí,55.9,57.6
Pau Cubarsí,73.8,51.8
Pau Cubarsí,34.9,33.9
Pau Cubarsí,89.7,44.8
Pau Cubarsí,19.0,51.2
Pau Cubarsí,11.5,38.2
Pau Cubarsí,22.0,49.1
Pau Cubarsí,27.4,53.0
Pau Cubarsí,9.4,37.7
Pau Cubarsí,13.6,51.2
Pau Cubarsí,35.0,47.4
Pau Cubarsí,59.1,61.6
Pau Cubarsí,56.1,58.8
Pau Cubarsí,75.2,51.2
Pau Cubarsí,20.5,52.7
Pau Cubarsí,27.6,52.2
Pau Cubarsí,39.8,65.6
Pau Cubarsí,56.8,45.5
Pau Cubarsí,70.8,46.2
Pau Cubarsí,67.7,46.2
Pau Cubarsí,71.9,46.2
Pau Cubarsí,39.1,33.3
Pau Cubarsí,32.0,31.5
Pau Cubarsí,19.2,27.2
Pau Cubarsí,63.9,45.8
Pau Cubarsí,59.9,63.7
Pau Cubarsí,57.8,42.0
Pau Cubarsí,57.8,45.1
Pau Cubarsí,57.7,45.5
Pau Cubarsí,21.5,51.8
Pau Cubarsí,24.7,50.2
Pau Cubarsí,66.5,32.2
Pau Cubarsí,66.4,27.5
Pau Cubarsí,34.6,35.4
Pau Cubarsí,38.4,42.5
Pau Cubarsí,24.7,61.6
Pau Cubarsí,37.5,45.5
Pau Cubarsí,65.3,35.5
Pau Cubarsí,44.5,62.6
Pau Cubarsí,44.4,42.4
Pau Cubarsí,48.2,25.1
Pau Cubarsí,28.7,35.2
Pau Cubarsí,13.5,39.0
Pau Cubarsí,57.6,51.0
Pau Cubarsí,24.3,57.7
Pau Cubarsí,24.3,57.7
Pau Cubarsí,9.6,35.8
Aymeric Laporte,32.0,20.8
Aymeric Laporte,42.3,10.1
Aymeric Laporte,61.0,21.0
Aymeric Laporte,61.3,20.9
Aymeric Laporte,44.7,42.8
Aymeric Laporte,28.3,24.6
Aymeric Laporte,19.1,20.4
Aymeric Laporte,23.9,23.0
Aymeric Laporte,55.5,33.0
Aymeric Laporte,45.6,34.9
Aymeric Laporte,11.6,16.9
Aymeric Laporte,32.5,21.5
Aymeric Laporte,65.0,10.0
Aymeric Laporte,43.9,46.2
Aymeric Laporte,62.9,26.3
Aymeric Laporte,78.0,19.0
Aymeric Laporte,80.7,10.7
Aymeric Laporte,70.9,15.6
Aymeric Laporte,28.2,39.0
Aymeric Laporte,36.6,23.3
Aymeric Laporte,54.2,30.8
Aymeric Laporte,71.9,15.6
Aymeric Laporte,70.2,16.4
Aymeric Laporte,16.4,8.3
Aymeric Laporte,61.0,2.4
Aymeric Laporte,18.8,8.1
Aymeric Laporte,3.2,27.5
Aymeric Laporte,42.1,24.0
Aymeric Laporte,42.1,24.0
Aymeric Laporte,23.9,44.1
Aymeric Laporte,46.9,19.6
Aymeric Laporte,102.2,35.4
Aymeric Laporte,46.2,7.0
Aymeric Laporte,37.6,17.6
Aymeric Laporte,37.7,22.1
Aymeric Laporte,32.2,19.0
Aymeric Laporte,63.8,22.3
Aymeric Laporte,56.5,17.0
Aymeric Laporte,48.2,8.5
Aymeric Laporte,12.2,20.2
Aymeric Laporte,37.3,8.1
Aymeric Laporte,100.5,35.6
Aymeric Laporte,42.3,5.8
Aymeric Laporte,42.1,6.2
Aymeric Laporte,33.0,18.9
Aymeric Laporte,66.4,7.5
Aymeric Laporte,33.3,16.6
Aymeric Laporte,29.8,6.8
Aymeric Laporte,24.4,27.2
Aymeric Laporte,60.2,26.9
Pedri,53.5,30.8
Pedri,26.2,21.8
Pedri,60.3,50.6
Pedri,48.5,7.2
Pedri,68.8,33.0
Pedri,68.1,29.2
Pedri,4.7,44.1
Pedri,5.9,43.5
Pedri,24.2,33.3
Pedri,39.2,34.2
Pedri,37.5,30.2
Pedri,46.6,3.2
Pedri,37.2,25.1
Pedri,49.4,43.9
Pedri,54.2,32.2
Pedri,60.7,26.5
Pedri,62.7,17.3
Pedri,38.5,21.0
Pedri,38.5,27.0
Pedri,46.5,30.3
Pedri,56.3,25.3
Pedri,60.2,18.5
Pedri,76.2,20.3
Pedri,47.7,32.8
Pedri,47.5,48.1
Pedri,47.3,37.8
Pedri,68.8,32.3
Pedri,64.7,42.1
Pedri,70.0,24.6
Pedri,85.1,49.1
Pedri,56.8,47.6
Pedri,45.2,41.4
Pedri,72.1,42.0
Pedri,43.6,62.2
Pedri,13.3,50.3
Pedri,33.1,64.1
Pedri,77.3,14.3
Pedri,38.3,36.8
Pedri,59.4,5.2
Pedri,65.6,16.3
Pedri,26.9,49.8
Pedri,65.8,64.7
Pedri,18.2,7.2
Pedri,37.0,15.7
Pedri,77.6,34.2
Pedri,31.5,57.1
Pedri,47.7,44.2
Pedri,62.3,49.7
Pedri,55.9,49.1
Pedri,48.0,27.5
Pedri,58.7,10.1
Pedri,72.2,16.0
Pedri,50.5,22.5
Pedri,68.8,38.5
Pedri,86.3,33.2
Pedri,89.3,33.8
Pedri,36.4,23.4
Pedri,58.3,4.4
Pedri,55.5,2.6
Pedri,32.9,28.7
Pedri,48.7,31.3
Pedri,65.5,39.3
Pedri,66.2,62.6
Pedri,73.5,64.6
Pedri,73.5,64.6
Pedri,72.5,51.4
Pedri,75.6,56.3
Pedri,28.8,14.5
Pedri,78.8,36.1
Pedri,74.6,36.1
Pedri,75.4,52.0
Pedri,71.0,51.8
Pedri,58.5,16.4
Pedri,63.1,18.5
Pedri,59.8,48.2
Pedri,44.0,18.0
Pedri,56.2,17.0
Pedri,70.8,24.1
Pedri,33.8,4.3
Pedri,36.4,4.2
Unai Simón,14.9,31.9
Unai Simón,13.6,28.8
Unai Simón,2.6,30.3
Unai Simón,21.4,41.3
Unai Simón,4.1,31.6
Unai Simón,3.2,35.0
Unai Simón,2.0,49.3
Unai Simón,8.4,33.9
Unai Simón,2.1,30.2
Unai Simón,2.8,28.5
Unai Simón,7.6,45.3
Unai Simón,9.3,46.5
Unai Simón,9.1,34.8
Unai Simón,18.4,35.8
Unai Simón,19.9,37.7
Unai Simón,13.1,51.4
Unai Simón,13.5,44.4
Unai Simón,1.9,37.7
Unai Simón,1.2,35.0
Unai Simón,3.0,34.7
Unai Simón,13.8,37.7
Unai Simón,20.6,39.0
Unai Simón,4.1,29.9
Unai Simón,12.1,30.7
Unai Simón,11.2,47.4
Unai Simón,9.9,46.7
Unai Simón,11.4,46.1
Unai Simón,15.2,15.1
Unai Simón,2.8,30.6
Unai Simón,4.0,35.0
Unai Simón,4.2,40.1
Unai Simón,8.2,38.2
Unai Simón,6.2,34.5
Unai Simón,8.6,31.4
Unai Simón,21.5,46.1
Unai Simón,22.6,45.3
Unai Simón,19.4,34.0
Unai Simón,1.5,27.1
Unai Simón,13.2,29.8
Unai Simón,8.7,50.3
Unai Simón,13.8,46.8
Unai Simón,26.9,31.9
Unai Simón,13.8,36.5
Unai Simón,9.8,43.4
Unai Simón,15.9,49.1
Unai Simón,15.1,47.4
Unai Simón,14.5,33.3
Unai Simón,3.7,31.3
Unai Simón,23.3,23.4
Unai Simón,26.3,24.6
Unai Simón,3.4,38.8
Unai Simón,13.1,41.8
Unai Simón,26.0,28.3
Unai Simón,12.8,28.8
Unai Simón,8.2,29.5
Unai Simón,13.4,29.3
Unai Simón,13.4,29.3
Unai Simón,4.8,27.2
Lamine Yamal,58.1,64.8
Lamine Yamal,47.7,57.8
Lamine Yamal,85.0,66.0
Lamine Yamal,83.1,64.3
Lamine Yamal,92.2,61.1
Lamine Yamal,97.3,55.9
Lamine Yamal,54.5,49.1
Lamine Yamal,31.9,59.8
Lamine Yamal,69.3,44.9
Lamine Yamal,69.3,53.3
Lamine Yamal,59.6,64.5
Lamine Yamal,91.9,46.3
Lamine Yamal,78.8,45.1
Lamine Yamal,92.1,54.3
Lamine Yamal,32.4,62.0
Lamine Yamal,32.0,60.7
Lamine Yamal,42.7,62.1
Lamine Yamal,39.4,51.3
Lamine Yamal,79.9,60.7
Lamine Yamal,77.3,55.7
Lamine Yamal,61.2,52.4
Lamine Yamal,96.8,57.7
Lamine Yamal,84.7,63.9
Lamine Yamal,95.5,52.5
Lamine Yamal,88.7,59.0
Lamine Yamal,30.9,47.1
Lamine Yamal,35.5,46.5
Lamine Yamal,51.2,39.0
Lamine Yamal,53.2,39.0
Lamine Yamal,75.4,39.1
Lamine Yamal,31.3,63.2
Lamine Yamal,32.8,63.4
Lamine Yamal,47.4,35.7
Lamine Yamal,41.9,62.2
Lamine Yamal,43.5,63.0
Lamine Yamal,46.7,65.0
Lamine Yamal,90.9,47.9
Lamine Yamal,90.8,47.4
Lamine Yamal,91.3,46.8
Lamine Yamal,62.0,65.8
Lamine Yamal,93.8,54.5
Lamine Yamal,98.5,50.5
Lamine Yamal,82.6,58.0
Lamine Yamal,80.7,64.2
Lamine Yamal,90.5,57.1
Lamine Yamal,91.7,59.5
Lamine Yamal,81.0,26.3
Lamine Yamal,81.7,27.9
Lamine Yamal,74.8,40.6
Lamine Yamal,86.6,61.4
Lamine Yamal,91.7,62.4
Lamine Yamal,89.4,63.5
Lamine Yamal,87.2,57.9
Lamine Yamal,88.6,56.7
Lamine Yamal,98.2,43.6
Lamine Yamal,82.9,49.3
Lamine Yamal,86.0,61.8
Lamine Yamal,87.3,60.3
Lamine Yamal,104.5,67.7
Lamine Yamal,84.4,63.4
Lamine Yamal,104.5,67.7
Lamine Yamal,82.4,60.6
Lamine Yamal,91.7,51.6
Lamine Yamal,60.4,65.3
Lamine Yamal,67.8,43.9
Lamine Yamal,78.3,48.8
Lamine Yamal,87.2,64.4
Lamine Yamal,89.9,60.0
Lamine Yamal,37.9,64.8
Lamine Yamal,37.3,66.4
Lamine Yamal,41.2,65.3
Lamine Yamal,26.1,65.1
Lamine Yamal,34.3,65.4
Lamine Yamal,40.4,65.4
Lamine Yamal,42.5,66.2
Lamine Yamal,28.4,64.8
Pedro Porro,45.3,63.5
Pedro Porro,56.8,62.4
Pedro Porro,48.4,65.8
Pedro Porro,48.8,65.3
Pedro Porro,15.3,68.0
Pedro Porro,69.4,63.2
Pedro Porro,12.0,53.0
Pedro Porro,5.5,56.3
Pedro Porro,25.4,57.8
Pedro Porro,25.0,58.9
Pedro Porro,18.4,62.0
Pedro Porro,21.4,62.5
Pedro Porro,43.1,49.6
Pedro Porro,43.1,49.6
Pedro Porro,60.2,60.6
Pedro Porro,42.3,63.0
Pedro Porro,49.4,64.3
Pedro Porro,38.4,57.1
Pedro Porro,14.7,40.9
Pedro Porro,76.2,34.1
Pedro Porro,60.7,65.2
Pedro Porro,59.1,68.0
Pedro Porro,23.8,58.2
Pedro Porro,99.2,56.3
Pedro Porro,99.3,55.0
Pedro Porro,72.7,42.7
Pedro Porro,62.3,66.6
Pedro Porro,45.8,66.0
Pedro Porro,46.8,65.7
Pedro Porro,46.8,65.7
Pedro Porro,69.7,55.2
Pedro Porro,71.9,68.0
Pedro Porro,77.8,39.3
Pedro Porro,76.9,56.6
Pedro Porro,74.2,68.0
Pedro Porro,60.0,63.8
Pedro Porro,66.4,64.6
Pedro Porro,9.0,28.0
Pedro Porro,19.8,47.2
Pedro Porro,23.6,62.0
Pedro Porro,73.7,64.1
Pedro Porro,61.7,58.3
Pedro Porro,39.2,68.0
Pedro Porro,26.7,68.0
Pedro Porro,13.7,15.3
Pedro Porro,31.1,58.1
Pedro Porro,59.2,65.5
Pedro Porro,38.7,65.3
Pedro Porro,36.9,64.8
Pedro Porro,5.7,68.0
Pedro Porro,6.1,65.1
Pedro Porro,85.7,68.0
Pedro Porro,77.1,62.0
Pedro Porro,77.3,57.1
Pedro Porro,47.9,65.1
Pedro Porro,58.5,55.3
Pedro Porro,75.3,55.9
Pedro Porro,102.5,51.7
Pedro Porro,81.4,68.0
Pedro Porro,68.3,57.1
Pedro Porro,77.6,62.8
Pedro Porro,69.9,56.9
Pedro Porro,74.8,68.0
Pedro Porro,49.5,41.3
Pedro Porro,31.6,31.5
Pedro Porro,19.9,46.9
Pedro Porro,70.7,63.7
Pedro Porro,71.0,57.7
Pedro Porro,71.5,56.7
Pedro Porro,44.3,68.0
Pedro Porro,11.7,55.3
Pedro Porro,7.6,52.5
Pedro Porro,77.0,59.9
Pedro Porro,19.6,64.3
Pedro Porro,43.4,51.6
Pedro Porro,75.8,52.9
Pedro Porro,41.6,48.1
Pedro Porro,75.4,52.9
Pedro Porro,76.5,58.7
Pedro Porro,34.9,66.1
Pedro Porro,26.3,65.8
Pedro Porro,25.0,61.8
Pedro Porro,43.9,65.3
Pedro Porro,15.0,63.7
Pedro Porro,37.0,68.0
Marc Cucurella,48.1,2.7
Marc Cucurella,56.0,3.8
Marc Cucurella,94.3,0.0
Marc Cucurella,12.6,34.8
Marc Cucurella,12.6,34.8
Marc Cucurella,30.3,5.4
Marc Cucurella,59.3,5.6
Marc Cucurella,55.4,37.7
Marc Cucurella,21.4,20.9
Marc Cucurella,20.7,21.9
Marc Cucurella,56.6,2.5
Marc Cucurella,96.7,16.6
Marc Cucurella,45.9,8.8
Marc Cucurella,44.9,9.5
Marc Cucurella,103.4,18.3
Marc Cucurella,68.6,3.4
Marc Cucurella,89.7,29.7
Marc Cucurella,20.7,2.4
Marc Cucurella,18.7,2.4
Marc Cucurella,36.0,18.1
Marc Cucurella,89.3,6.6
Marc Cucurella,75.7,2.6
Marc Cucurella,85.0,3.3
Marc Cucurella,45.6,2.9
Marc Cucurella,48.3,0.0
Marc Cucurella,59.2,2.7
Marc Cucurella,78.2,11.9
Marc Cucurella,48.2,3.0
Marc Cucurella,73.6,1.8
Marc Cucurella,77.9,2.2
Marc Cucurella,84.0,15.7
Marc Cucurella,20.2,0.0
Marc Cucurella,30.4,9.9
Marc Cucurella,40.3,43.6
Marc Cucurella,39.3,42.0
Marc Cucurella,39.5,44.2
Marc Cucurella,39.5,44.2
Marc Cucurella,62.4,17.3
Marc Cucurella,45.0,20.0
Marc Cucurella,74.5,10.7
Marc Cucurella,25.4,8.8
Marc Cucurella,59.2,18.0
Marc Cucurella,59.9,6.6
Marc Cucurella,14.7,3.4
Marc Cucurella,9.3,22.7
Marc Cucurella,65.8,12.5
Marc Cucurella,63.7,6.0
Marc Cucurella,70.1,5.3
Marc Cucurella,20.9,0.0
Marc Cucurella,21.7,2.0
Marc Cucurella,36.1,2.3
Marc Cucurella,60.3,3.9
Marc Cucurella,63.8,4.9
Marc Cucurella,22.9,0.0
Marc Cucurella,28.5,14.5
Marc Cucurella,33.1,15.0
Marc Cucurella,65.5,7.2
Marc Cucurella,40.1,4.2
Marc Cucurella,10.9,27.5
Álex Baena,57.6,22.1
Álex Baena,72.5,30.7
Álex Baena,94.9,3.7
Álex Baena,41.2,6.8
Álex Baena,41.2,6.0
Álex Baena,42.3,5.6
Álex Baena,58.8,32.4
Álex Baena,28.9,23.7
Álex Baena,35.6,4.7
Álex Baena,91.5,11.9
Álex Baena,84.4,19.8
Álex Baena,65.3,14.5
Álex Baena,54.1,22.5
Álex Baena,91.3,21.7
Álex Baena,102.3,34.8
Álex Baena,104.5,67.7
Álex Baena,80.5,47.2
Álex Baena,53.2,3.9
Álex Baena,86.5,8.3
Álex Baena,99.9,9.6
Álex Baena,68.1,12.5
Álex Baena,73.7,21.3
Álex Baena,70.9,21.2
Álex Baena,82.5,7.4
Álex Baena,84.5,4.6
Álex Baena,39.0,7.3
Álex Baena,104.5,67.7
Álex Baena,90.8,66.1
Álex Baena,68.3,19.0
Álex Baena,69.2,16.4
Álex Baena,97.8,13.6
Álex Baena,97.3,7.6
Álex Baena,90.6,6.4
Álex Baena,1.7,4.6
Álex Baena,2.1,4.6
Álex Baena,68.6,1.8
Álex Baena,87.4,4.5
Álex Baena,64.9,7.8
Álex Baena,65.9,7.4
Álex Baena,70.0,6.3
Álex Baena,65.1,6.2
Álex Baena,77.4,19.0
Álex Baena,93.1,2.4
Álex Baena,78.4,6.2
Álex Baena,32.2,3.9
Álex Baena,32.1,3.0
Álex Baena,24.7,62.9
Álex Baena,54.5,4.8
Álex Baena,71.0,6.6
Álex Baena,34.7,43.0
Álex Baena,66.3,5.8
Álex Baena,85.0,4.1
Álex Baena,51.9,14.0
Álex Baena,104.5,0.3
Álex Baena,104.5,0.3
Álex Baena,33.7,5.0
Álex Baena,22.9,5.6
Álex Baena,85.1,17.8
Álex Baena,88.7,24.8
Álex Baena,89.0,24.6
Álex Baena,53.7,17.9
Álex Baena,49.8,18.5
Álex Baena,40.0,20.2
Álex Baena,74.6,3.0
Álex Baena,70.2,35.8
Álex Baena,78.1,38.3
Álex Baena,104.5,0.3
Álex Baena,18.2,15.0
Dani Olmo,21.7,59.4
Dani Olmo,55.7,46.7
Dani Olmo,56.3,50.2
Dani Olmo,64.4,45.3
Dani Olmo,67.8,40.3
Dani Olmo,44.8,50.9
Dani Olmo,31.1,25.2
Dani Olmo,75.2,15.9
Dani Olmo,100.1,58.7
Dani Olmo,38.1,42.2
Dani Olmo,57.7,18.5
Dani Olmo,58.5,18.5
Dani Olmo,61.8,20.4
Dani Olmo,61.8,17.0
Dani Olmo,52.8,30.2
Dani Olmo,69.5,42.6
Dani Olmo,95.2,65.1
Dani Olmo,96.9,38.5
Dani Olmo,63.8,48.4
Dani Olmo,102.3,48.4
Dani Olmo,65.9,46.9
Dani Olmo,13.8,62.2
Dani Olmo,17.7,58.8
Dani Olmo,73.5,30.6
Dani Olmo,71.6,20.2
Dani Olmo,79.6,28.7
Dani Olmo,67.6,42.5
Dani Olmo,74.7,23.1
Dani Olmo,33.6,21.8
Dani Olmo,31.9,18.5
Dani Olmo,23.6,29.6
Dani Olmo,37.6,3.4
Dani Olmo,13.5,63.2
Dani Olmo,56.5,63.2
Dani Olmo,59.1,61.6
Dani Olmo,74.6,50.6
Dani Olmo,84.0,24.4
Dani Olmo,70.3,17.6
Dani Olmo,92.2,19.5
Dani Olmo,90.3,19.4
Dani Olmo,26.3,12.0
Dani Olmo,20.7,21.1
Dani Olmo,49.3,40.1
Dani Olmo,46.7,34.3
Dani Olmo,37.7,17.2
Dani Olmo,41.6,49.3
Dani Olmo,28.3,39.1
Dani Olmo,83.6,48.0
Dani Olmo,78.3,50.3
Dani Olmo,75.1,53.7
Dani Olmo,92.4,46.3
Dani Olmo,95.3,44.5
Dani Olmo,73.8,46.9
Dani Olmo,79.9,19.0
Ferran Torres,103.9,46.7
Ferran Torres,71.2,18.9
Ferran Torres,101.4,47.0
Ferran Torres,104.2,45.1
Ferran Torres,58.0,40.5
Ferran Torres,82.6,49.5
Ferran Torres,62.6,6.2
Ferran Torres,79.3,15.5
Ferran Torres,36.0,3.0
Ferran Torres,33.6,6.2
Ferran Torres,39.6,3.2
Ferran Torres,54.0,19.9
Ferran Torres,64.5,18.1
Ferran Torres,86.9,44.7
Ferran Torres,60.3,21.1
Ferran Torres,83.8,51.6
Ferran Torres,78.0,27.1
Ferran Torres,55.9,48.2
Ferran Torres,85.0,51.4
Ferran Torres,33.9,7.9
Fabián Ruiz,10.1,6.8
Fabián Ruiz,86.4,17.3
Fabián Ruiz,44.2,15.7
Fabián Ruiz,60.0,16.6
Fabián Ruiz,41.2,37.7
Fabián Ruiz,68.4,31.0
Fabián Ruiz,56.3,16.4
Fabián Ruiz,74.2,16.9
Fabián Ruiz,9.0,59.7
Mikel Merino,73.5,18.9
Mikel Merino,31.3,15.1
Mikel Merino,37.5,7.6
Mikel Merino,69.2,30.2
Mikel Merino,72.2,31.5
Mikel Merino,93.4,29.5
Mikel Merino,33.1,57.2
Mikel Merino,22.6,56.5
Mikel Merino,57.4,61.1
Borja Iglesias,61.7,2.1
Aymeric Laporte,4.6,26.0
Aymeric Laporte,30.5,25.8
Aymeric Laporte,25.8,20.6
Aymeric Laporte,19.7,10.8
Aymeric Laporte,48.7,48.1
Aymeric Laporte,42.3,7.2
Aymeric Laporte,56.0,36.5
Aymeric Laporte,56.0,36.5
Aymeric Laporte,54.9,32.2
Aymeric Laporte,61.9,25.2
Aymeric Laporte,40.9,19.9
Aymeric Laporte,39.4,63.5
Aymeric Laporte,38.3,63.7
Aymeric Laporte,48.5,30.6
Aymeric Laporte,33.4,30.3
Aymeric Laporte,30.5,9.5
Aymeric Laporte,69.2,9.3
Aymeric Laporte,23.1,19.7
Aymeric Laporte,50.1,20.3
Aymeric Laporte,32.3,20.6
Aymeric Laporte,56.8,15.0
Aymeric Laporte,58.0,17.5
Aymeric Laporte,36.5,24.6
Aymeric Laporte,45.3,21.8
Aymeric Laporte,17.8,19.7
Aymeric Laporte,46.6,9.3
Aymeric Laporte,45.0,24.1
Aymeric Laporte,39.8,12.3
Aymeric Laporte,23.2,17.2
Aymeric Laporte,48.0,45.1
Aymeric Laporte,30.2,10.2
Aymeric Laporte,20.5,9.5
Aymeric Laporte,22.4,11.2
Aymeric Laporte,49.4,28.5
Aymeric Laporte,45.3,18.0
Aymeric Laporte,47.1,30.1
Aymeric Laporte,47.1,30.1
Aymeric Laporte,57.2,20.9
Aymeric Laporte,26.7,1.9
Aymeric Laporte,32.7,29.5
Aymeric Laporte,36.1,26.2
Aymeric Laporte,68.8,23.4
Aymeric Laporte,34.1,29.2
Aymeric Laporte,49.0,20.4
Aymeric Laporte,53.6,11.9
Aymeric Laporte,40.5,9.3
Aymeric Laporte,43.8,5.2
Aymeric Laporte,13.2,22.9
Aymeric Laporte,34.8,15.1
Aymeric Laporte,8.3,10.9
Aymeric Laporte,8.1,10.5
Aymeric Laporte,13.6,20.6
Aymeric Laporte,78.4,16.0
Aymeric Laporte,4.9,26.0
Aymeric Laporte,59.2,15.2
Aymeric Laporte,68.2,17.0
Aymeric Laporte,64.7,19.2
Aymeric Laporte,79.4,17.0
Aymeric Laporte,42.2,5.8
Aymeric Laporte,60.1,15.9
Aymeric Laporte,8.7,37.7
Aymeric Laporte,4.5,37.7
Aymeric Laporte,72.1,37.9
Aymeric Laporte,60.5,23.4
Aymeric Laporte,57.2,15.8
Aymeric Laporte,14.2,33.5
Aymeric Laporte,25.4,17.7
Aymeric Laporte,51.4,12.4
Aymeric Laporte,28.6,12.9
Aymeric Laporte,28.9,25.0
Aymeric Laporte,55.1,12.3
Aymeric Laporte,37.8,18.0
Aymeric Laporte,32.1,18.8
Aymeric Laporte,21.1,7.6
Aymeric Laporte,21.2,10.5
Aymeric Laporte,59.3,16.6
Aymeric Laporte,57.6,10.0
Aymeric Laporte,57.6,16.6
Aymeric Laporte,27.5,9.8
Aymeric Laporte,33.1,11.0
Aymeric Laporte,4.1,37.7
Aymeric Laporte,34.5,26.5
Aymeric Laporte,42.7,10.5
Aymeric Laporte,40.0,17.1
Aymeric Laporte,49.0,16.4
Unai Simón,7.2,36.7
Unai Simón,14.6,30.8
Unai Simón,13.2,17.6
Unai Simón,12.5,24.4
Unai Simón,14.1,22.3
Unai Simón,14.2,25.3
Unai Simón,2.2,38.0
Unai Simón,9.4,34.2
Unai Simón,11.0,31.0
Unai Simón,13.9,27.6
Unai Simón,13.6,28.0
Unai Simón,12.2,36.7
Unai Simón,13.8,32.9
Unai Simón,10.7,31.1
Unai Simón,8.5,34.4
Unai Simón,7.4,32.5
Unai Simón,28.7,32.3
Unai Simón,23.5,39.0
Unai Simón,14.2,10.1
Unai Simón,13.7,16.8
Unai Simón,24.9,30.2
Unai Simón,7.8,37.7
Unai Simón,4.8,38.4
Unai Simón,19.7,24.6
Unai Simón,3.7,30.2
Unai Simón,5.3,33.4
Unai Simón,8.0,37.7
Unai Simón,8.0,37.7
Unai Simón,13.5,38.5
Unai Simón,29.2,14.8
Unai Simón,29.6,16.6
Unai Simón,7.8,35.1
Unai Simón,30.2,40.4
Unai Simón,2.8,38.1
Unai Simón,2.4,34.0
Unai Simón,2.4,34.0
Unai Simón,13.3,38.3
Unai Simón,9.1,40.4
Unai Simón,16.0,36.2
Unai Simón,7.5,16.0
Unai Simón,8.9,17.6
Unai Simón,17.1,28.1
Unai Simón,17.6,28.1
Unai Simón,25.6,33.1
Unai Simón,25.7,33.1
Unai Simón,32.0,30.3
Unai Simón,33.0,30.3
Unai Simón,12.3,38.6
Unai Simón,7.9,44.4
Unai Simón,5.1,36.7
Unai Simón,24.1,53.1
Unai Simón,10.1,48.1
Unai Simón,11.7,51.6
Unai Simón,7.8,46.7
Unai Simón,13.3,31.0
Unai Simón,17.3,37.7
Unai Simón,25.6,27.0
Unai Simón,18.5,22.2
Unai Simón,6.2,35.8
Unai Simón,11.9,35.6
Pau Cubarsí,8.9,58.7
Pau Cubarsí,10.8,61.0
Pau Cubarsí,34.5,45.4
Pau Cubarsí,26.3,51.4
Pau Cubarsí,4.7,62.0
Pau Cubarsí,22.1,42.3
Pau Cubarsí,55.9,34.5
Pau Cubarsí,56.7,58.0
Pau Cubarsí,56.1,48.7
Pau Cubarsí,50.3,61.4
Pau Cubarsí,49.6,45.5
Pau Cubarsí,36.6,51.2
Pau Cubarsí,27.8,52.2
Pau Cubarsí,47.4,30.3
Pau Cubarsí,45.6,50.9
Pau Cubarsí,58.2,50.0
Pau Cubarsí,60.6,43.2
Pau Cubarsí,26.5,48.8
Pau Cubarsí,31.9,52.6
Pau Cubarsí,27.4,45.1
Pau Cubarsí,40.5,56.8
Pau Cubarsí,24.1,37.8
Pau Cubarsí,32.2,32.9
Pau Cubarsí,12.6,44.8
Pau Cubarsí,13.7,47.6
Pau Cubarsí,35.1,43.9
Pau Cubarsí,39.6,48.9
Pau Cubarsí,21.3,45.3
Pau Cubarsí,33.9,32.5
Pau Cubarsí,57.9,32.4
Pau Cubarsí,47.3,38.1
Pau Cubarsí,37.4,39.0
Pau Cubarsí,34.8,42.4
Pau Cubarsí,39.6,61.6
Pau Cubarsí,35.1,58.9
Pau Cubarsí,19.7,50.0
Pau Cubarsí,25.8,49.5
Pau Cubarsí,74.7,46.9
Pau Cubarsí,49.2,48.1
Pau Cubarsí,67.1,42.3
Pau Cubarsí,72.4,46.1
Pau Cubarsí,67.2,58.6
Pau Cubarsí,62.9,58.3
Pau Cubarsí,67.2,45.8
Pau Cubarsí,51.9,34.1
Pau Cubarsí,29.7,43.0
Pau Cubarsí,27.1,46.2
Pau Cubarsí,27.0,31.9
Pau Cubarsí,7.0,31.9
Pau Cubarsí,46.2,45.5
Pau Cubarsí,55.6,46.3
Pau Cubarsí,37.8,52.3
Pau Cubarsí,44.6,52.6
Pau Cubarsí,39.6,58.5
Pau Cubarsí,41.1,57.9
Pau Cubarsí,63.3,46.9
Pau Cubarsí,26.3,62.0
Pau Cubarsí,38.3,44.4
Pau Cubarsí,56.4,44.4
Pau Cubarsí,49.4,46.3
Pau Cubarsí,47.2,48.3
Pau Cubarsí,7.7,46.7
Pau Cubarsí,19.6,61.8
Pau Cubarsí,23.8,48.9
Pau Cubarsí,47.5,47.7
Pau Cubarsí,48.9,55.4
Pau Cubarsí,58.4,51.6
Pau Cubarsí,32.9,61.0
Pau Cubarsí,41.4,51.2
Pau Cubarsí,77.6,45.9
Pau Cubarsí,97.0,30.3
Pau Cubarsí,97.0,30.3
Pau Cubarsí,37.9,29.1
Pau Cubarsí,9.0,39.4
Pau Cubarsí,45.3,62.4
Pau Cubarsí,48.5,53.9
Pau Cubarsí,45.8,56.1
Pau Cubarsí,55.7,38.3
Pau Cubarsí,72.4,49.2
Pau Cubarsí,24.9,51.4
Pau Cubarsí,38.2,32.9
Pau Cubarsí,65.6,42.0
Pau Cubarsí,56.8,48.1
Pau Cubarsí,35.5,53.0
Pau Cubarsí,24.5,45.0
Pau Cubarsí,15.9,38.0
Pau Cubarsí,28.7,41.1
Pau Cubarsí,35.2,33.5
Pau Cubarsí,41.4,40.6
Pau Cubarsí,48.4,58.9
Pau Cubarsí,59.6,49.0
Pau Cubarsí,55.7,41.4
Pau Cubarsí,57.6,46.9
Pau Cubarsí,36.7,26.6
Pau Cubarsí,39.8,29.6
Pau Cubarsí,54.6,31.3
Pau Cubarsí,56.3,51.2
Pau Cubarsí,46.4,60.9
Pau Cubarsí,26.1,40.4
Pau Cubarsí,42.1,40.1
Pau Cubarsí,57.7,63.8
Pau Cubarsí,57.0,63.3
Pau Cubarsí,28.3,40.3
Pau Cubarsí,57.2,45.6
Pau Cubarsí,28.4,25.4
Pau Cubarsí,36.4,32.0
Pau Cubarsí,77.2,42.9
Pau Cubarsí,40.8,22.5
Pau Cubarsí,40.7,22.6
Pau Cubarsí,22.7,8.7
Pau Cubarsí,21.8,8.9
Pau Cubarsí,57.3,55.4
Pau Cubarsí,56.4,48.1
Pau Cubarsí,12.5,37.1
Pau Cubarsí,12.5,37.1
Pau Cubarsí,27.7,55.1
Pedro Porro,15.9,66.0
Pedro Porro,29.1,68.0
Pedro Porro,23.5,65.6
Pedro Porro,19.6,68.0
Pedro Porro,9.8,68.0
Pedro Porro,39.2,64.5
Pedro Porro,73.1,63.2
Pedro Porro,98.5,68.0
Pedro Porro,88.6,64.7
Pedro Porro,83.2,61.8
Pedro Porro,72.7,55.8
Pedro Porro,80.1,68.0
Pedro Porro,68.2,63.7
Pedro Porro,44.8,63.9
Pedro Porro,43.0,64.3
Pedro Porro,53.8,61.4
Pedro Porro,45.7,63.3
Pedro Porro,44.0,46.5
Pedro Porro,62.4,56.4
Pedro Porro,38.3,60.8
Pedro Porro,62.6,60.2
Pedro Porro,91.6,45.3
Pedro Porro,45.5,63.7
Pedro Porro,67.4,50.5
Pedro Porro,11.1,37.8
Pedro Porro,23.6,56.5
Pedro Porro,31.5,42.7
Pedro Porro,82.0,63.4
Pedro Porro,22.7,57.8
Pedro Porro,23.2,57.3
Pedro Porro,34.7,63.2
Pedro Porro,19.5,68.0
Pedro Porro,14.4,63.9
Pedro Porro,64.9,62.8
Pedro Porro,61.9,68.0
Pedro Porro,25.1,64.1
Pedro Porro,33.8,53.0
Pedro Porro,33.9,56.4
Pedro Porro,30.3,61.2
Pedro Porro,76.6,63.2
Pedro Porro,95.6,55.1
Pedro Porro,74.3,56.7
Pedro Porro,76.4,54.8
Pedro Porro,71.6,58.5
Pedro Porro,62.2,50.0
Pedro Porro,55.2,46.0
Pedro Porro,72.9,52.1
Pedro Porro,84.9,59.9
Pedro Porro,55.8,59.9
Pedro Porro,42.8,63.3
Pedro Porro,67.3,52.5
Pedro Porro,75.5,55.5
Pedro Porro,75.5,52.3
Pedro Porro,86.9,46.2
Pedro Porro,48.0,65.2
Pedro Porro,40.4,68.0
Pedro Porro,47.2,68.0
Pedro Porro,9.7,50.2
Pedro Porro,44.3,62.6
Pedro Porro,58.3,63.7
Pedro Porro,58.6,63.2
Pedro Porro,17.3,64.7
Pedro Porro,47.4,65.7
Pedro Porro,87.6,68.0
Pedro Porro,72.8,51.9
Pedro Porro,87.2,57.8
Pedro Porro,24.1,59.7
Pedro Porro,33.0,57.0
Pedro Porro,31.4,54.6
Pedro Porro,57.5,62.6
Pedro Porro,79.6,57.4
Pedro Porro,92.8,56.9
Pedro Porro,69.3,57.0
Pedro Porro,76.9,56.6
Pedro Porro,48.9,60.1
Pedro Porro,77.1,33.8
Pedro Porro,82.7,26.6
Pedro Porro,64.1,29.1
Pedro Porro,24.5,50.0
Pedro Porro,24.5,50.0
Pedro Porro,89.5,59.5
Pedro Porro,8.6,59.6
Pedro Porro,71.6,56.8
Pedro Porro,58.3,60.1
Pedro Porro,24.9,52.9
Pedro Porro,26.3,50.2
Pedro Porro,72.9,58.6
Pedro Porro,83.2,54.4
Pedro Porro,75.7,62.6
Pedro Porro,61.6,54.6
Pedro Porro,70.7,55.7
Pedro Porro,79.0,59.2
Pedro Porro,99.0,49.8
Pedro Porro,38.2,62.3
Pedro Porro,63.5,59.3
Pedro Porro,64.0,55.3
Pedro Porro,80.4,49.4
Pedro Porro,80.0,48.9
Pedro Porro,81.8,51.3
Pedro Porro,59.1,63.3
Pedro Porro,73.6,64.7
Pedro Porro,75.4,52.5
Pedro Porro,78.4,54.9
Pedro Porro,58.0,63.9
Pedro Porro,72.5,55.3
Pedro Porro,87.5,49.0
Pedro Porro,83.2,46.7
Pedro Porro,87.8,68.0
Pedro Porro,37.8,68.0
Pedro Porro,43.7,63.5
Pedro Porro,85.5,57.1
Pedro Porro,97.3,52.0
Lamine Yamal,38.1,64.8
Lamine Yamal,41.8,62.2
Lamine Yamal,40.7,60.9
Lamine Yamal,77.5,64.3
Lamine Yamal,85.8,62.0
Lamine Yamal,94.0,63.3
Lamine Yamal,56.3,62.2
Lamine Yamal,91.3,6.3
Lamine Yamal,84.5,51.6
Lamine Yamal,23.8,63.7
Lamine Yamal,27.5,65.3
Lamine Yamal,45.4,63.8
Lamine Yamal,62.0,48.7
Lamine Yamal,64.8,62.4
Lamine Yamal,80.6,44.4
Lamine Yamal,81.8,40.6
Lamine Yamal,85.8,37.7
Lamine Yamal,102.3,59.5
Lamine Yamal,43.5,63.5
Lamine Yamal,42.9,62.2
Lamine Yamal,84.2,62.4
Lamine Yamal,72.4,55.7
Lamine Yamal,84.7,59.9
Lamine Yamal,101.9,50.8
Lamine Yamal,73.6,52.8
Lamine Yamal,82.8,42.1
Lamine Yamal,84.3,41.7
Lamine Yamal,74.6,57.4
Lamine Yamal,48.5,33.5
Lamine Yamal,77.4,51.4
Lamine Yamal,93.5,58.8
Lamine Yamal,91.4,47.9
Lamine Yamal,72.8,59.9
Lamine Yamal,64.1,41.3
Lamine Yamal,85.2,61.4
Lamine Yamal,89.9,59.1
Lamine Yamal,84.5,14.5
Lamine Yamal,60.6,62.2
Lamine Yamal,68.2,65.9
Lamine Yamal,64.8,66.8
Lamine Yamal,73.9,59.0
Lamine Yamal,85.9,45.0
Lamine Yamal,80.1,47.4
Lamine Yamal,90.0,30.1
Lamine Yamal,92.1,30.3
Lamine Yamal,93.5,59.3
Lamine Yamal,68.6,61.4
Lamine Yamal,80.6,56.0
Lamine Yamal,83.5,58.6
Lamine Yamal,89.3,63.2
Lamine Yamal,78.4,63.3
Lamine Yamal,62.3,45.5
Lamine Yamal,86.5,50.2
Lamine Yamal,94.7,50.2
Lamine Yamal,104.5,67.7
Lamine Yamal,91.6,58.0
Lamine Yamal,94.6,45.9
Lamine Yamal,99.2,48.1
Lamine Yamal,97.8,50.0
Lamine Yamal,70.9,65.5
Lamine Yamal,100.1,52.2
Lamine Yamal,82.6,63.7
Lamine Yamal,94.8,68.0
Lamine Yamal,91.6,50.5
Lamine Yamal,75.5,49.4
Lamine Yamal,88.8,58.6
Lamine Yamal,85.4,61.2
Lamine Yamal,91.2,50.6
Lamine Yamal,83.7,60.7
Lamine Yamal,83.8,60.8
Lamine Yamal,88.6,58.1
Lamine Yamal,86.8,58.4
Lamine Yamal,85.5,52.0
Lamine Yamal,87.9,49.5
Lamine Yamal,70.1,47.7
Lamine Yamal,84.2,63.5
Lamine Yamal,90.6,55.6
Lamine Yamal,88.0,62.2
Lamine Yamal,63.1,65.4
Lamine Yamal,93.3,47.0
Lamine Yamal,94.2,60.7
Lamine Yamal,87.9,58.6
Lamine Yamal,92.5,51.2
Lamine Yamal,57.6,30.6
Lamine Yamal,58.7,5.2
Lamine Yamal,60.9,2.4
Lamine Yamal,44.1,24.5
Lamine Yamal,47.9,27.2
Lamine Yamal,47.6,27.6
Rodri,27.0,62.4
Rodri,34.9,46.9
Rodri,73.5,22.8
Rodri,57.5,6.8
Rodri,84.7,59.0
Rodri,83.8,62.2
Rodri,57.0,58.9
Rodri,50.3,28.4
Rodri,58.7,32.9
Rodri,59.0,37.4
Rodri,73.1,26.2
Rodri,57.9,23.0
Rodri,59.0,20.3
Rodri,49.8,57.9
Rodri,54.9,38.0
Rodri,94.5,37.2
Rodri,58.9,31.9
Rodri,36.5,26.0
Rodri,54.1,39.6
Rodri,58.8,21.8
Rodri,36.6,43.2
Rodri,73.7,16.4
Rodri,55.7,41.2
Rodri,70.3,24.4
Rodri,32.7,42.3
Rodri,33.3,48.6
Rodri,63.7,24.4
Rodri,20.8,38.4
Rodri,59.9,59.7
Rodri,33.1,47.3
Rodri,55.7,45.5
Rodri,56.4,36.7
Rodri,43.9,48.7
Rodri,26.6,31.9
Rodri,36.4,25.7
Rodri,67.5,21.3
Rodri,48.3,37.8
Rodri,68.8,34.2
Rodri,93.4,49.6
Rodri,67.8,29.0
Rodri,50.2,33.8
Rodri,35.2,32.5
Rodri,57.1,59.3
Rodri,54.2,33.1
Rodri,46.6,32.4
Rodri,80.5,53.5
Rodri,77.9,49.4
Rodri,48.2,32.7
Rodri,63.5,31.6
Rodri,36.8,45.5
Rodri,93.3,32.2
Rodri,45.7,40.1
Rodri,40.7,35.8
Rodri,38.1,25.5
Rodri,11.7,39.6
Rodri,30.3,44.2
Rodri,24.7,30.3
Rodri,27.1,63.2
Rodri,44.4,10.1
Rodri,73.1,31.9
Rodri,80.5,30.6
Rodri,73.4,32.6
Rodri,61.7,19.9
Rodri,55.4,45.7
Rodri,68.6,21.1
Rodri,58.8,16.1
Rodri,61.1,12.1
Rodri,74.9,8.1
Rodri,69.3,9.6
Rodri,8.5,36.7
Rodri,49.9,48.8
Rodri,101.5,15.7
Rodri,71.1,40.8
Rodri,66.2,51.4
Rodri,63.2,46.5
Rodri,61.5,20.7
Rodri,44.0,50.9
Rodri,10.3,56.2
Rodri,35.1,50.0
Rodri,51.4,41.1
Rodri,78.0,27.6
Rodri,31.6,35.3
Rodri,36.8,37.0
Rodri,37.4,34.0
Rodri,44.9,44.1
Rodri,44.8,44.1
Rodri,35.8,35.8
Rodri,70.8,36.1
Rodri,58.0,38.5
Rodri,44.8,11.9
Rodri,59.5,8.5
Rodri,57.8,10.9
Rodri,66.2,50.4
Rodri,77.8,40.3
Rodri,76.9,27.5
Rodri,77.1,34.4
Rodri,65.0,58.8
Rodri,56.6,62.8
Rodri,57.6,48.3
Rodri,56.5,23.7
Rodri,73.1,42.0
Rodri,65.6,15.2
Rodri,81.3,21.9
Rodri,71.5,51.4
Rodri,76.7,46.0
Rodri,47.1,48.3
Rodri,63.6,47.4
Rodri,41.1,47.3
Rodri,67.1,60.6
Rodri,73.4,38.9
Rodri,72.9,57.8
Rodri,23.8,49.6
Rodri,58.4,17.4
Rodri,42.3,20.5
Rodri,47.3,48.7
Rodri,50.4,56.3
Rodri,56.4,19.0
Rodri,39.5,26.0
Rodri,11.0,20.0
Rodri,57.2,48.3
Rodri,69.7,26.2
Dani Olmo,43.5,62.8
Dani Olmo,57.2,57.6
Dani Olmo,71.0,36.5
Dani Olmo,73.6,53.3
Dani Olmo,78.9,58.3
Dani Olmo,44.8,59.0
Dani Olmo,84.7,50.0
Dani Olmo,44.4,50.5
Dani Olmo,74.7,43.2
Dani Olmo,93.5,26.1
Dani Olmo,41.8,57.5
Dani Olmo,54.8,57.5
Dani Olmo,45.4,45.9
Dani Olmo,39.4,29.7
Dani Olmo,24.9,62.8
Dani Olmo,66.9,51.2
Dani Olmo,79.7,54.5
Dani Olmo,49.6,45.8
Dani Olmo,92.8,38.9
Dani Olmo,71.8,23.0
Dani Olmo,36.5,43.6
Dani Olmo,56.9,38.3
Dani Olmo,56.9,38.3
Dani Olmo,81.8,31.0
Dani Olmo,26.3,9.5
Dani Olmo,24.4,12.8
Dani Olmo,75.3,38.6
Dani Olmo,68.1,42.7
Dani Olmo,82.5,46.5
Dani Olmo,96.8,19.9
Dani Olmo,49.5,36.3
Dani Olmo,73.0,26.5
Dani Olmo,49.2,57.7
Dani Olmo,59.4,50.0
Dani Olmo,31.1,59.9
Dani Olmo,32.0,57.5
Dani Olmo,85.5,26.5
Dani Olmo,39.8,41.5
Dani Olmo,72.6,4.5
Dani Olmo,75.3,10.9
Dani Olmo,75.7,30.9
Dani Olmo,18.1,44.7
Dani Olmo,35.9,35.7
Dani Olmo,43.8,23.6
Dani Olmo,72.2,11.0
Dani Olmo,79.4,39.5
Dani Olmo,71.3,41.1
Dani Olmo,78.4,50.5
Dani Olmo,76.4,44.6
Dani Olmo,72.9,51.8
Dani Olmo,64.6,51.4
Dani Olmo,68.8,50.4
Dani Olmo,68.4,54.4
Dani Olmo,67.4,51.4
Dani Olmo,78.4,52.1
Dani Olmo,44.4,54.9
Dani Olmo,79.6,36.5
Dani Olmo,68.8,63.3
Dani Olmo,78.1,45.4
Dani Olmo,89.9,46.1
Dani Olmo,94.1,39.0
Dani Olmo,94.4,37.8
Dani Olmo,71.2,23.8
Dani Olmo,79.8,52.3
Mikel Oyarzabal,47.0,35.8
Mikel Oyarzabal,42.3,54.9
Mikel Oyarzabal,67.1,47.2
Mikel Oyarzabal,71.2,21.7
Mikel Oyarzabal,74.7,19.7
Mikel Oyarzabal,76.3,16.0
Mikel Oyarzabal,35.4,42.2
Mikel Oyarzabal,66.4,18.3
Mikel Oyarzabal,75.5,11.0
Mikel Oyarzabal,79.8,8.3
Mikel Oyarzabal,79.8,7.2
Mikel Oyarzabal,51.2,41.8
Mikel Oyarzabal,41.0,50.7
Mikel Oyarzabal,79.6,42.6
Mikel Oyarzabal,47.0,49.1
Mikel Oyarzabal,87.2,30.6
Mikel Oyarzabal,86.5,34.4
Mikel Oyarzabal,52.6,33.9
Mikel Oyarzabal,70.1,46.0
Mikel Oyarzabal,52.4,33.9
Mikel Oyarzabal,32.4,56.7
Mikel Oyarzabal,65.7,62.2
Mikel Oyarzabal,85.4,23.4
Mikel Oyarzabal,88.1,3.4
Mikel Oyarzabal,91.3,19.3
Mikel Oyarzabal,43.5,28.2
Mikel Oyarzabal,73.9,37.1
Mikel Oyarzabal,101.2,42.9
Mikel Oyarzabal,103.9,42.9
Mikel Oyarzabal,77.0,14.3
Mikel Oyarzabal,92.5,13.3
Mikel Oyarzabal,68.5,16.8
Mikel Oyarzabal,85.3,39.1
Mikel Oyarzabal,92.1,41.0
Mikel Oyarzabal,98.3,51.2
Mikel Oyarzabal,82.5,33.5
Álex Baena,92.9,16.2
Álex Baena,77.6,11.2
Álex Baena,66.8,37.7
Álex Baena,83.2,47.9
Álex Baena,73.7,18.6
Álex Baena,68.3,21.5
Álex Baena,55.8,30.4
Álex Baena,90.6,8.9
Álex Baena,68.6,3.0
Álex Baena,92.2,39.4
Álex Baena,84.2,13.3
Álex Baena,49.2,27.7
Álex Baena,71.1,27.2
Álex Baena,55.4,2.6
Álex Baena,58.0,12.9
Álex Baena,42.8,4.1
Álex Baena,43.0,3.9
Álex Baena,75.1,1.9
Álex Baena,74.4,0.0
Álex Baena,79.0,15.7
Álex Baena,79.6,9.6
Álex Baena,98.4,52.3
Álex Baena,96.8,58.8
Álex Baena,104.5,67.7
Álex Baena,92.1,21.7
Álex Baena,76.0,2.2
Álex Baena,75.6,17.3
Álex Baena,68.2,31.8
Álex Baena,42.1,1.9
Álex Baena,56.7,15.2
Álex Baena,59.8,14.7
Álex Baena,77.2,39.3
Álex Baena,93.1,55.2
Álex Baena,104.5,0.3
Álex Baena,104.4,9.7
Álex Baena,104.5,0.3
Álex Baena,82.8,16.4
Álex Baena,93.7,12.0
Álex Baena,64.2,9.3
Álex Baena,58.8,2.8
Álex Baena,8.6,32.9
Álex Baena,86.7,16.9
Álex Baena,90.5,5.6
Álex Baena,76.9,24.1
Álex Baena,104.5,67.7
Álex Baena,37.4,21.7
Álex Baena,37.2,21.3
Álex Baena,73.8,19.1
Marc Cucurella,29.5,0.0
Marc Cucurella,88.4,3.4
Marc Cucurella,74.5,8.1
Marc Cucurella,63.1,13.3
Marc Cucurella,89.4,30.3
Marc Cucurella,79.2,4.3
Marc Cucurella,75.3,9.5
Marc Cucurella,14.0,25.1
Marc Cucurella,12.5,10.4
Marc Cucurella,65.1,7.5
Marc Cucurella,42.1,3.9
Marc Cucurella,47.3,0.0
Marc Cucurella,77.1,2.2
Marc Cucurella,37.3,9.6
Marc Cucurella,81.3,2.7
Marc Cucurella,68.5,6.6
Marc Cucurella,35.6,2.5
Marc Cucurella,36.8,3.9
Marc Cucurella,67.3,21.3
Marc Cucurella,73.6,22.2
Marc Cucurella,57.9,3.5
Marc Cucurella,56.3,2.1
Marc Cucurella,82.8,17.7
Marc Cucurella,16.4,16.4
Marc Cucurella,41.6,0.0
Marc Cucurella,47.8,3.4
Marc Cucurella,77.1,11.9
Marc Cucurella,81.6,18.4
Marc Cucurella,87.8,21.8
Marc Cucurella,37.3,24.4
Marc Cucurella,82.7,19.2
Marc Cucurella,81.0,3.0
Marc Cucurella,64.0,0.0
Marc Cucurella,87.5,7.3
Marc Cucurella,57.3,0.0
Marc Cucurella,69.9,0.0
Marc Cucurella,68.4,2.3
Marc Cucurella,60.9,15.3
Marc Cucurella,72.0,4.7
Marc Cucurella,67.8,4.5
Marc Cucurella,88.6,6.0
Marc Cucurella,96.0,4.7
Marc Cucurella,93.2,4.3
Marc Cucurella,35.6,15.5
Marc Cucurella,48.2,17.3
Marc Cucurella,60.7,3.7
Marc Cucurella,59.2,33.3
Marc Cucurella,73.0,21.6
Marc Cucurella,93.6,9.8
Marc Cucurella,43.5,4.7
Marc Cucurella,42.9,5.0
Marc Cucurella,92.4,4.3
Marc Cucurella,71.5,6.5
Marc Cucurella,85.9,16.0
Marc Cucurella,88.0,6.8
Marc Cucurella,44.9,3.7
Marc Cucurella,89.9,6.4
Marc Cucurella,65.8,0.0
Marc Cucurella,49.5,3.0
Marc Cucurella,40.5,3.0
Marc Cucurella,40.1,6.8
Marc Cucurella,23.5,19.9
Marc Cucurella,83.3,22.4
Marc Cucurella,62.7,7.0
Fabián Ruiz,69.7,17.1
Fabián Ruiz,79.1,9.1
Fabián Ruiz,64.7,0.0
Fabián Ruiz,57.7,47.5
Fabián Ruiz,70.9,51.9
Fabián Ruiz,60.6,19.7
Fabián Ruiz,59.4,29.0
Fabián Ruiz,71.5,17.8
Fabián Ruiz,73.0,18.4
Fabián Ruiz,61.5,16.4
Fabián Ruiz,76.1,3.9
Fabián Ruiz,94.7,52.0
Fabián Ruiz,46.2,57.6
Fabián Ruiz,44.8,60.5
Fabián Ruiz,57.4,46.3
Fabián Ruiz,63.5,17.2
Fabián Ruiz,71.5,17.8
Fabián Ruiz,38.5,33.4
Fabián Ruiz,55.9,28.0
Fabián Ruiz,43.1,12.9
Fabián Ruiz,33.9,29.5
Fabián Ruiz,45.6,46.0
Fabián Ruiz,41.1,16.6
Fabián Ruiz,74.3,10.5
Fabián Ruiz,98.3,31.9
Fabián Ruiz,58.8,7.0
Fabián Ruiz,73.3,19.2
Fabián Ruiz,72.4,16.8
Fabián Ruiz,74.8,18.7
Fabián Ruiz,95.6,38.0
Fabián Ruiz,81.9,56.2
Fabián Ruiz,54.5,11.6
Fabián Ruiz,40.3,9.8
Fabián Ruiz,19.2,33.2
Fabián Ruiz,34.0,36.7
Fabián Ruiz,82.6,12.0
Fabián Ruiz,41.3,20.6
Fabián Ruiz,43.9,18.7
Fabián Ruiz,12.4,26.2
Fabián Ruiz,48.6,19.9
Fabián Ruiz,90.5,39.9
Fabián Ruiz,47.4,21.9
Fabián Ruiz,57.4,15.1
Fabián Ruiz,59.6,11.2
Fabián Ruiz,22.9,15.5
Fabián Ruiz,56.3,45.2
Fabián Ruiz,56.8,5.9
Fabián Ruiz,77.5,22.2
Fabián Ruiz,77.0,18.6
Fabián Ruiz,83.6,21.4
Fabián Ruiz,76.2,23.3
Fabián Ruiz,69.1,17.2
Fabián Ruiz,69.4,17.2
Pedri,79.4,48.1
Pedri,73.0,42.1
Pedri,77.5,49.8
Pedri,68.2,12.5
Pedri,75.1,51.6
Pedri,74.6,30.4
Pedri,67.4,32.4
Pedri,76.4,57.4
Pedri,83.7,23.2
Pedri,64.8,5.3
Pedri,61.5,16.6
Pedri,56.7,29.5
Pedri,61.6,20.6
Pedri,95.0,64.1
Pedri,87.4,18.7
Pedri,78.1,6.6
Pedri,63.9,21.9
Pedri,75.3,20.6
Pedri,81.1,19.5
Pedri,40.2,19.1
Pedri,45.3,20.5
Pedri,51.5,22.6
Pedri,57.2,28.5
Pedri,79.1,52.3
Pedri,63.9,2.0
Pedri,44.6,9.3
Pedri,48.3,9.3
Pedri,58.0,12.6
Pedri,59.2,26.9
Pedri,61.8,64.6
Pedri,58.0,64.3
Pedri,72.9,42.5
Pedri,77.3,19.3
Pedri,77.6,25.0
Pedri,76.1,24.1
Pedri,93.0,3.7
Pedri,96.2,5.4
Pedri,81.6,19.3
Pedri,58.5,16.8
Pedri,58.5,16.8
Pedri,67.3,16.4
Pedri,67.7,15.8
Pedri,78.7,16.8
Pedri,77.2,33.9
Pedri,69.9,16.0
Pedri,76.5,26.7
Pedri,73.5,6.4
Pedri,73.5,6.4
Pedri,59.8,18.2
Pedri,49.0,8.7
Pedri,58.3,30.8
Pedri,28.0,38.1
Pedri,41.3,43.0
Pedri,46.1,30.3
Pedri,50.1,15.0
Pedri,53.5,12.5
Pedri,57.0,18.2
Ferran Torres,63.7,5.4
Ferran Torres,63.2,7.0
Ferran Torres,81.6,31.6
Ferran Torres,66.4,5.1
Ferran Torres,91.4,23.6
Ferran Torres,86.9,44.3
Ferran Torres,83.7,42.8
Ferran Torres,87.1,49.8
Ferran Torres,59.8,20.8
Ferran Torres,48.1,30.6
Ferran Torres,81.3,47.6
Ferran Torres,77.0,37.4
Ferran Torres,78.7,29.9
Ferran Torres,92.1,40.4
Ferran Torres,70.7,19.7
Ferran Torres,91.6,40.6
Ferran Torres,17.9,38.6
Ferran Torres,70.6,60.8
Nico Williams,69.9,3.9
Nico Williams,101.0,12.7
Nico Williams,91.7,8.5
Nico Williams,94.6,9.8
Nico Williams,85.4,8.9
Nico Williams,97.1,10.1
Nico Williams,96.6,16.2
Nico Williams,64.4,2.9
Nico Williams,11.0,47.5
Nico Williams,45.2,24.2
Nico Williams,45.2,24.2
Nico Williams,50.2,22.1
Nico Williams,74.4,14.3
Mikel Merino,44.4,40.6
Mikel Merino,100.5,32.6
Mikel Merino,102.9,4.3
Mikel Merino,61.9,25.7
Mikel Merino,62.6,61.1
Mikel Merino,49.3,64.5
Mikel Merino,9.7,27.5
Mikel Merino,9.7,27.5
Mikel Merino,63.0,51.2
Mikel Merino,63.1,50.2
Mikel Merino,69.5,32.5
Mikel Oyarzabal,52.6,34.1
Mikel Oyarzabal,56.0,13.7
Mikel Oyarzabal,55.7,42.7
Mikel Oyarzabal,40.3,62.6
Mikel Oyarzabal,54.0,25.7
Mikel Oyarzabal,54.0,25.7
Mikel Oyarzabal,48.8,11.9
Mikel Oyarzabal,54.9,47.6
Mikel Oyarzabal,7.0,49.5
Mikel Oyarzabal,7.0,49.5
Mikel Oyarzabal,94.0,34.0
Mikel Oyarzabal,40.0,12.5
Mikel Oyarzabal,67.1,5.6
Mikel Oyarzabal,54.2,41.7
Mikel Oyarzabal,49.5,24.1
Mikel Oyarzabal,39.9,43.7
Mikel Oyarzabal,40.2,26.4
Mikel Oyarzabal,41.1,25.5
Mikel Oyarzabal,2.6,34.8
Mikel Oyarzabal,46.5,34.9
Mikel Oyarzabal,34.2,34.8
Mikel Oyarzabal,41.7,58.4
Mikel Oyarzabal,65.5,53.5
Mikel Oyarzabal,40.2,16.2
Mikel Oyarzabal,47.0,64.9
Mikel Oyarzabal,59.6,63.0
Mikel Oyarzabal,50.7,50.0
Mikel Oyarzabal,83.5,20.4
Mikel Oyarzabal,60.4,43.9
Mikel Oyarzabal,58.3,45.5
Mikel Oyarzabal,71.9,15.0
Mikel Oyarzabal,55.7,31.9
Mikel Oyarzabal,69.2,41.0
Mikel Oyarzabal,58.4,62.4
Mikel Oyarzabal,48.9,47.8
Mikel Oyarzabal,48.9,47.8
Mikel Oyarzabal,48.7,57.5
Rodri,43.7,29.0
Rodri,38.6,55.7
Rodri,7.6,8.4
Rodri,19.5,16.9
Rodri,48.4,58.2
Rodri,41.2,54.0
Rodri,38.5,22.1
Rodri,62.2,18.7
Rodri,60.2,36.1
Rodri,42.0,18.7
Rodri,31.0,22.5
Rodri,35.9,16.4
Rodri,78.0,12.9
Rodri,57.9,17.9
Rodri,47.7,35.2
Rodri,42.5,31.3
Rodri,70.4,28.4
Rodri,72.8,48.2
Rodri,34.6,27.5
Rodri,14.4,17.3
Rodri,36.1,23.4
Rodri,26.8,64.0
Rodri,55.7,40.8
Rodri,59.9,51.8
Rodri,59.3,16.8
Rodri,68.2,4.3
Rodri,41.9,48.8
Rodri,41.9,48.8
Rodri,52.5,63.4
Rodri,33.9,62.0
Rodri,33.9,62.0
Rodri,31.9,45.3
Rodri,29.7,44.6
Rodri,81.8,25.8
Rodri,74.9,15.7
Rodri,29.8,24.8
Rodri,37.6,24.4
Rodri,48.5,28.5
Rodri,46.4,7.4
Rodri,49.0,22.0
Rodri,8.1,35.3
Rodri,8.1,35.3
Rodri,7.4,35.8
Rodri,32.8,47.2
Rodri,49.2,18.3
Rodri,31.0,29.0
Rodri,39.2,24.4
Rodri,60.1,64.3
Rodri,51.8,64.3
Rodri,51.3,63.4
Rodri,25.9,55.4
Rodri,26.9,57.6
Rodri,36.7,62.0
Rodri,12.5,50.0
Rodri,12.4,50.7
Rodri,34.1,19.9
Rodri,48.3,22.3
Rodri,48.3,22.3
Rodri,54.6,50.6
Rodri,34.9,28.5
Rodri,48.9,47.0
Rodri,63.7,56.4
Rodri,45.4,59.1
Rodri,20.2,15.2
Rodri,54.2,31.9
Rodri,57.3,41.8
Rodri,20.4,21.0
Rodri,26.7,41.8
Rodri,78.3,25.7
Rodri,76.7,29.0
Rodri,46.8,21.7
Rodri,36.0,20.2
Rodri,67.5,3.1
Rodri,41.6,17.9
Rodri,44.7,9.0
Rodri,46.8,8.7
Rodri,65.4,16.4
Rodri,42.5,42.0
Rodri,46.7,21.1
Rodri,8.6,34.5
Rodri,57.0,49.1
Rodri,64.1,37.8
Rodri,39.2,37.7
Rodri,35.0,27.2
Rodri,34.5,53.7
Rodri,66.6,26.2
Rodri,28.0,66.2
Rodri,65.7,11.5
Rodri,34.6,55.7
Rodri,29.3,59.4
Rodri,54.9,32.4
Rodri,56.5,49.9
Rodri,43.8,22.7
Fabián Ruiz,38.3,20.9
Fabián Ruiz,61.5,14.1
Fabián Ruiz,43.9,64.4
Fabián Ruiz,42.8,58.2
Fabián Ruiz,19.4,11.7
Fabián Ruiz,38.6,26.1
Fabián Ruiz,61.1,44.3
Fabián Ruiz,40.4,63.7
Fabián Ruiz,66.7,32.3
Fabián Ruiz,71.5,35.8
Fabián Ruiz,56.5,45.9
Fabián Ruiz,35.0,17.0
Fabián Ruiz,43.7,16.6
Fabián Ruiz,36.1,25.0
Fabián Ruiz,47.5,37.7
Fabián Ruiz,100.4,6.8
Fabián Ruiz,94.3,0.0
Fabián Ruiz,23.1,17.7
Fabián Ruiz,49.7,23.5
Fabián Ruiz,33.7,20.7
Fabián Ruiz,59.8,16.6
Fabián Ruiz,74.6,12.1
Fabián Ruiz,71.2,32.6
Fabián Ruiz,71.5,32.1
Fabián Ruiz,39.6,20.4
Fabián Ruiz,59.4,14.3
Fabián Ruiz,69.9,4.9
Fabián Ruiz,23.5,5.6
Fabián Ruiz,57.6,64.2
Fabián Ruiz,58.0,45.8
Fabián Ruiz,58.3,43.0
Fabián Ruiz,74.7,17.1
Fabián Ruiz,49.0,44.3
Fabián Ruiz,34.2,57.1
Fabián Ruiz,38.7,56.5
Fabián Ruiz,48.3,21.2
Fabián Ruiz,78.0,22.5
Fabián Ruiz,76.2,32.3
Fabián Ruiz,96.5,37.7
Fabián Ruiz,97.6,34.8
Fabián Ruiz,95.2,9.6
Fabián Ruiz,44.5,43.4
Fabián Ruiz,60.6,17.7
Fabián Ruiz,40.8,24.0
Fabián Ruiz,51.2,28.0
Fabián Ruiz,49.0,14.3
Fabián Ruiz,38.3,19.6
Fabián Ruiz,31.4,32.8
Fabián Ruiz,42.5,40.8
Fabián Ruiz,36.8,43.4
Fabián Ruiz,40.9,35.7
Fabián Ruiz,49.4,50.7
Fabián Ruiz,33.1,23.4
Fabián Ruiz,33.1,23.4
Fabián Ruiz,56.6,20.4
Fabián Ruiz,56.9,16.9
Fabián Ruiz,64.4,19.1
Fabián Ruiz,36.8,30.2
Fabián Ruiz,69.3,49.7
Fabián Ruiz,66.3,48.7
Fabián Ruiz,64.8,48.8
Fabián Ruiz,57.9,51.4
Fabián Ruiz,45.6,54.2
Fabián Ruiz,42.5,28.8
Fabián Ruiz,31.9,4.6
Fabián Ruiz,14.7,51.0
Fabián Ruiz,39.3,29.4
Fabián Ruiz,77.0,17.1
Fabián Ruiz,21.4,44.5
Fabián Ruiz,77.0,34.3
Fabián Ruiz,76.9,35.6
Fabián Ruiz,63.7,11.9
Fabián Ruiz,66.4,18.3
Fabián Ruiz,45.6,14.7
Fabián Ruiz,54.2,14.7
Fabián Ruiz,47.7,21.9
Fabián Ruiz,40.0,17.3
Fabián Ruiz,40.0,17.7
Fabián Ruiz,47.0,9.9
Fabián Ruiz,48.8,21.8
Fabián Ruiz,44.8,19.8
Fabián Ruiz,35.2,5.2
Fabián Ruiz,39.8,4.0
Fabián Ruiz,45.4,3.5
Fabián Ruiz,73.5,2.5
Fabián Ruiz,28.5,30.3
Fabián Ruiz,23.1,20.9
Fabián Ruiz,48.4,18.5
Fabián Ruiz,65.0,8.4
Fabián Ruiz,58.4,7.2
Fabián Ruiz,43.4,16.2
Fabián Ruiz,55.9,14.9
Fabián Ruiz,20.4,42.5
Pau Cubarsí,28.9,43.2
Pau Cubarsí,43.5,50.3
Pau Cubarsí,56.9,46.8
Pau Cubarsí,46.8,35.0
Pau Cubarsí,2.4,51.8
Pau Cubarsí,2.3,50.7
Pau Cubarsí,55.8,52.4
Pau Cubarsí,47.3,42.2
Pau Cubarsí,36.5,44.6
Pau Cubarsí,33.8,39.4
Pau Cubarsí,12.6,49.5
Pau Cubarsí,11.5,48.9
Pau Cubarsí,23.9,58.2
Pau Cubarsí,24.7,48.1
Pau Cubarsí,15.8,59.1
Pau Cubarsí,56.9,66.6
Pau Cubarsí,14.5,63.8
Pau Cubarsí,35.1,50.4
Pau Cubarsí,46.3,52.6
Pau Cubarsí,14.0,52.2
Pau Cubarsí,17.8,52.1
Pau Cubarsí,25.3,47.5
Pau Cubarsí,20.2,47.4
Pau Cubarsí,25.6,37.8
Pau Cubarsí,38.7,51.4
Pau Cubarsí,41.2,49.5
Pau Cubarsí,24.0,59.8
Pau Cubarsí,16.9,38.1
Pau Cubarsí,20.8,51.0
Pau Cubarsí,21.5,47.6
Pau Cubarsí,35.7,45.1
Pau Cubarsí,21.4,46.0
Pau Cubarsí,21.5,45.7
Pau Cubarsí,40.4,54.0
Pau Cubarsí,34.0,52.8
Pau Cubarsí,18.4,48.5
Pau Cubarsí,36.5,26.8
Pau Cubarsí,55.1,50.2
Pau Cubarsí,23.8,31.0
Pau Cubarsí,39.9,46.2
Pau Cubarsí,24.8,58.4
Pau Cubarsí,9.0,49.1
Pau Cubarsí,11.8,40.1
Pau Cubarsí,20.7,48.9
Pau Cubarsí,31.1,39.0
Pau Cubarsí,47.4,47.9
Pau Cubarsí,8.5,32.2
Pau Cubarsí,11.8,36.7
Pau Cubarsí,11.8,36.7
Pau Cubarsí,31.0,51.9
Pau Cubarsí,37.9,39.2
Pau Cubarsí,31.5,45.3
Pau Cubarsí,18.4,49.7
Aymeric Laporte,44.4,18.1
Aymeric Laporte,35.9,18.9
Aymeric Laporte,45.4,19.2
Aymeric Laporte,19.9,25.3
Aymeric Laporte,32.0,17.7
Aymeric Laporte,28.2,37.7
Aymeric Laporte,73.6,9.9
Aymeric Laporte,48.0,3.6
Aymeric Laporte,43.4,7.0
Aymeric Laporte,43.8,12.3
Aymeric Laporte,51.5,19.3
Aymeric Laporte,60.9,15.6
Aymeric Laporte,62.6,8.2
Aymeric Laporte,63.6,4.5
Aymeric Laporte,8.6,33.3
Aymeric Laporte,8.6,33.3
Aymeric Laporte,4.7,26.2
Aymeric Laporte,38.5,24.8
Aymeric Laporte,56.4,22.9
Aymeric Laporte,1.7,11.5
Aymeric Laporte,4.9,26.1
Aymeric Laporte,5.0,25.9
Aymeric Laporte,7.0,19.1
Aymeric Laporte,42.1,19.9
Aymeric Laporte,40.7,16.6
Aymeric Laporte,46.2,17.7
Aymeric Laporte,65.7,22.3
Aymeric Laporte,68.9,19.3
Aymeric Laporte,21.7,26.2
Aymeric Laporte,9.6,34.2
Aymeric Laporte,27.9,24.6
Aymeric Laporte,31.2,23.2
Aymeric Laporte,39.2,23.4
Aymeric Laporte,63.2,16.0
Aymeric Laporte,31.5,22.1
Aymeric Laporte,57.4,15.1
Aymeric Laporte,7.9,11.2
Aymeric Laporte,14.1,8.9
Aymeric Laporte,32.0,18.7
Aymeric Laporte,43.8,26.3
Aymeric Laporte,47.6,15.5
Aymeric Laporte,54.0,13.8
Aymeric Laporte,58.9,17.0
Aymeric Laporte,28.9,27.5
Aymeric Laporte,5.0,26.2
Aymeric Laporte,96.0,30.3
Aymeric Laporte,40.2,18.3
Aymeric Laporte,39.5,17.1
Aymeric Laporte,37.0,23.7
Aymeric Laporte,27.5,16.4
Aymeric Laporte,24.8,17.7
Aymeric Laporte,41.1,13.3
Aymeric Laporte,39.6,15.1
Aymeric Laporte,42.7,10.2
Aymeric Laporte,40.3,14.1
Aymeric Laporte,8.2,33.5
Aymeric Laporte,33.8,6.0
Aymeric Laporte,34.3,23.3
Aymeric Laporte,22.5,12.5
Aymeric Laporte,47.6,55.5
Aymeric Laporte,44.7,55.5
Aymeric Laporte,35.8,46.3
Aymeric Laporte,27.7,11.0
Aymeric Laporte,36.6,1.3
Aymeric Laporte,29.8,14.5
Aymeric Laporte,31.3,19.5
Aymeric Laporte,31.3,19.5
Aymeric Laporte,18.8,8.0
Aymeric Laporte,49.2,15.3
Aymeric Laporte,37.7,29.0
Aymeric Laporte,33.7,38.0
Aymeric Laporte,23.0,10.7
Aymeric Laporte,11.2,9.3
Aymeric Laporte,22.5,9.2
Aymeric Laporte,29.5,19.5
Aymeric Laporte,36.7,17.5
Aymeric Laporte,31.9,12.3
Aymeric Laporte,26.3,20.2
Aymeric Laporte,22.2,3.7
Aymeric Laporte,46.7,15.2
Aymeric Laporte,38.9,23.0
Aymeric Laporte,22.5,15.5
Aymeric Laporte,18.1,18.5
Aymeric Laporte,43.8,17.6
Aymeric Laporte,36.4,13.5
Aymeric Laporte,37.9,7.5
Aymeric Laporte,4.7,25.7
Aymeric Laporte,20.6,12.5
Aymeric Laporte,35.8,10.6
Aymeric Laporte,57.1,11.5
Aymeric Laporte,7.9,26.3
Aymeric Laporte,6.4,31.4
Aymeric Laporte,20.7,18.1
Aymeric Laporte,33.2,29.0
Aymeric Laporte,38.6,17.2
Marc Cucurella,57.3,5.6
Marc Cucurella,44.9,3.3
Marc Cucurella,64.1,4.9
Marc Cucurella,31.1,10.8
Marc Cucurella,46.3,8.1
Marc Cucurella,35.6,8.5
Marc Cucurella,34.8,7.2
Marc Cucurella,66.8,5.2
Marc Cucurella,69.4,5.2
Marc Cucurella,32.1,11.2
Marc Cucurella,27.8,3.9
Marc Cucurella,55.8,8.2
Marc Cucurella,74.4,3.8
Marc Cucurella,73.0,11.0
Marc Cucurella,68.8,7.8
Marc Cucurella,56.0,7.2
Marc Cucurella,88.9,3.6
Marc Cucurella,11.4,0.0
Marc Cucurella,32.3,0.0
Marc Cucurella,34.7,0.0
Marc Cucurella,42.2,4.9
Marc Cucurella,37.5,3.2
Marc Cucurella,57.8,7.6
Marc Cucurella,101.6,17.9
Marc Cucurella,87.6,0.0
Marc Cucurella,91.3,2.6
Marc Cucurella,63.0,6.6
Marc Cucurella,35.4,15.5
Marc Cucurella,46.4,5.2
Marc Cucurella,77.8,11.9
Marc Cucurella,39.3,4.0
Marc Cucurella,34.8,3.4
Marc Cucurella,36.4,21.0
Marc Cucurella,31.9,9.2
Marc Cucurella,40.5,0.0
Marc Cucurella,71.1,5.1
Marc Cucurella,29.3,0.0
Marc Cucurella,59.2,4.4
Marc Cucurella,60.0,1.1
Marc Cucurella,45.7,2.3
Marc Cucurella,45.2,20.9
Marc Cucurella,45.3,21.7
Marc Cucurella,32.8,4.9
Marc Cucurella,32.8,4.9
Marc Cucurella,25.7,3.2
Marc Cucurella,33.7,5.6
Marc Cucurella,51.0,3.0
Marc Cucurella,52.8,0.0
Marc Cucurella,39.9,23.7
Marc Cucurella,45.8,26.8
Marc Cucurella,51.9,25.7
Marc Cucurella,14.9,25.2
Marc Cucurella,13.9,25.3
Marc Cucurella,28.2,20.2
Marc Cucurella,47.2,3.6
Marc Cucurella,64.5,3.5
Marc Cucurella,66.5,3.4
Marc Cucurella,68.2,4.7
Marc Cucurella,60.5,3.2
Marc Cucurella,72.9,7.0
Marc Cucurella,52.3,0.0
Marc Cucurella,59.6,2.8
Marc Cucurella,65.7,0.0
Marc Cucurella,48.3,11.7
Marc Cucurella,10.6,38.3
Marc Cucurella,5.9,50.2
Marc Cucurella,12.7,5.0
Marc Cucurella,25.3,4.4
Marc Cucurella,48.5,5.1
Marc Cucurella,37.0,28.0
Marc Cucurella,55.6,45.3
Unai Simón,20.5,24.8
Unai Simón,9.7,32.6
Unai Simón,4.4,31.9
Unai Simón,3.7,31.4
Unai Simón,4.7,23.1
Unai Simón,5.8,33.5
Unai Simón,10.0,35.9
Unai Simón,7.0,46.7
Unai Simón,14.0,35.8
Unai Simón,6.5,34.3
Unai Simón,2.9,10.9
Unai Simón,26.8,49.5
Unai Simón,26.8,49.5
Unai Simón,27.9,51.0
Unai Simón,3.4,34.4
Unai Simón,9.2,30.3
Unai Simón,21.3,54.8
Unai Simón,19.0,35.1
Unai Simón,9.6,31.9
Unai Simón,7.1,22.1
Unai Simón,21.2,39.2
Unai Simón,6.5,25.9
Unai Simón,2.0,21.9
Unai Simón,3.4,28.5
Unai Simón,2.7,43.4
Unai Simón,2.7,43.4
Unai Simón,13.8,35.6
Unai Simón,13.2,30.3
Unai Simón,12.6,33.1
Unai Simón,5.6,21.4
Unai Simón,27.9,41.6
Unai Simón,28.7,41.6
Unai Simón,28.7,41.6
Unai Simón,10.9,30.3
Unai Simón,9.0,26.7
Unai Simón,12.8,38.5
Unai Simón,10.4,27.8
Unai Simón,1.1,38.0
Unai Simón,0.0,39.5
Unai Simón,1.2,41.1
Unai Simón,4.3,32.2
Unai Simón,12.4,29.6
Unai Simón,13.4,31.9
Unai Simón,4.6,31.4
Unai Simón,10.4,31.2
Unai Simón,13.1,30.3
Unai Simón,4.4,36.7
Unai Simón,13.0,33.5
Unai Simón,29.7,34.2
Unai Simón,29.7,34.2
Unai Simón,13.4,42.8
Unai Simón,7.9,40.0
Unai Simón,14.2,34.5
Unai Simón,3.4,46.5
Unai Simón,4.4,37.0
Unai Simón,5.2,48.7
Unai Simón,7.2,35.0
Unai Simón,8.7,35.1
Unai Simón,4.2,34.5
Unai Simón,4.7,41.1
Unai Simón,14.2,33.8
Unai Simón,6.9,37.8
Unai Simón,2.6,31.7
Unai Simón,2.6,31.7
Unai Simón,13.0,40.0
Unai Simón,7.7,30.3
Unai Simón,2.3,31.0
Unai Simón,4.6,40.1
Pedro Porro,42.6,68.0
Pedro Porro,40.8,66.4
Pedro Porro,61.5,64.2
Pedro Porro,72.0,59.9
Pedro Porro,15.5,63.3
Pedro Porro,57.7,55.8
Pedro Porro,57.7,55.8
Pedro Porro,58.3,64.5
Pedro Porro,41.2,59.2
Pedro Porro,27.4,33.8
Pedro Porro,36.4,65.5
Pedro Porro,47.9,68.0
Pedro Porro,16.6,57.7
Pedro Porro,25.2,64.4
Pedro Porro,25.2,64.4
Pedro Porro,26.0,68.0
Pedro Porro,21.6,66.1
Pedro Porro,55.8,68.0
Pedro Porro,47.6,65.9
Pedro Porro,60.3,63.6
Pedro Porro,22.2,65.1
Pedro Porro,78.5,49.1
Pedro Porro,26.3,62.6
Pedro Porro,31.8,65.4
Pedro Porro,37.6,63.8
Pedro Porro,70.3,60.1
Pedro Porro,69.9,61.6
Pedro Porro,20.9,60.2
Pedro Porro,20.9,60.2
Pedro Porro,18.8,63.0
Pedro Porro,35.8,60.1
Pedro Porro,37.0,60.4
Pedro Porro,64.9,52.4
Pedro Porro,44.4,65.2
Pedro Porro,58.3,63.2
Pedro Porro,47.4,58.2
Pedro Porro,58.1,51.2
Pedro Porro,29.7,54.2
Pedro Porro,37.3,64.3
Pedro Porro,29.1,50.6
Pedro Porro,32.4,38.2
Pedro Porro,80.2,49.9
Pedro Porro,94.3,39.0
Pedro Porro,60.2,56.1
Pedro Porro,69.1,61.6
Pedro Porro,88.2,65.1
Pedro Porro,65.5,63.7
Pedro Porro,5.5,47.4
Pedro Porro,4.2,48.5
Pedro Porro,49.2,62.2
Pedro Porro,5.2,56.3
Pedro Porro,37.2,63.9
Pedro Porro,38.2,60.1
Pedro Porro,17.1,56.8
Pedro Porro,43.4,68.0
Pedro Porro,20.4,61.8
Álex Baena,53.2,2.4
Álex Baena,36.5,3.8
Álex Baena,30.9,2.9
Álex Baena,19.1,4.0
Álex Baena,41.7,19.9
Álex Baena,72.7,10.0
Álex Baena,76.5,16.9
Álex Baena,69.1,10.5
Álex Baena,72.9,2.7
Álex Baena,38.2,5.4
Álex Baena,45.2,20.2
Álex Baena,45.2,20.2
Álex Baena,87.2,48.5
Álex Baena,15.4,24.6
Álex Baena,84.1,6.8
Álex Baena,97.1,5.3
Álex Baena,48.4,10.4
Álex Baena,67.3,50.7
Álex Baena,64.4,48.7
Álex Baena,82.0,9.0
Álex Baena,79.1,18.7
Álex Baena,81.4,19.4
Álex Baena,104.5,67.7
Álex Baena,95.3,65.5
Álex Baena,56.2,12.3
Álex Baena,48.4,10.1
Álex Baena,47.3,6.4
Álex Baena,46.3,6.4
Álex Baena,87.0,37.8
Álex Baena,39.3,7.9
Álex Baena,40.4,7.3
Álex Baena,41.6,13.6
Álex Baena,42.8,20.2
Álex Baena,35.1,6.4
Álex Baena,40.9,6.2
Álex Baena,82.0,16.4
Álex Baena,31.5,8.9
Álex Baena,36.7,20.9
Álex Baena,86.1,17.0
Álex Baena,83.7,18.1
Álex Baena,57.4,4.5
Álex Baena,45.6,6.2
Álex Baena,79.3,3.1
Álex Baena,84.6,1.8
Álex Baena,71.2,2.4
Álex Baena,68.1,3.4
Álex Baena,55.8,13.4
Álex Baena,89.1,17.8
Álex Baena,73.7,3.4
Álex Baena,72.9,5.0
Álex Baena,67.8,5.9
Álex Baena,12.8,18.0
Dani Olmo,33.1,50.2
Dani Olmo,34.0,46.9
Dani Olmo,38.3,23.2
Dani Olmo,40.7,8.8
Dani Olmo,50.8,30.8
Dani Olmo,58.9,25.4
Dani Olmo,82.4,57.4
Dani Olmo,86.0,50.1
Dani Olmo,86.1,47.7
Dani Olmo,46.2,34.0
Dani Olmo,46.5,35.6
Dani Olmo,35.8,27.3
Dani Olmo,45.8,34.5
Dani Olmo,10.1,52.5
Dani Olmo,9.3,64.9
Dani Olmo,57.4,23.6
Dani Olmo,44.4,46.3
Dani Olmo,48.9,22.5
Dani Olmo,89.6,9.6
Dani Olmo,96.2,15.3
Dani Olmo,98.9,2.1
Dani Olmo,77.1,22.7
Dani Olmo,41.9,45.8
Dani Olmo,35.9,33.3
Dani Olmo,76.7,30.2
Dani Olmo,86.1,38.8
Dani Olmo,71.5,10.9
Dani Olmo,70.7,10.5
Dani Olmo,73.1,9.2
Dani Olmo,56.4,31.6
Dani Olmo,41.1,64.1
Dani Olmo,78.5,63.2
Dani Olmo,60.1,60.8
Dani Olmo,40.8,43.9
Dani Olmo,42.1,46.8
Dani Olmo,55.5,48.5
Dani Olmo,76.7,25.0
Dani Olmo,84.0,42.2
Dani Olmo,68.3,50.4
Dani Olmo,67.1,57.6
Dani Olmo,44.6,22.3
Dani Olmo,59.3,15.8
Dani Olmo,69.4,6.8
Dani Olmo,74.4,7.5
Dani Olmo,65.8,26.3
Dani Olmo,66.0,41.0
Dani Olmo,30.6,35.5
Dani Olmo,44.1,39.9
Dani Olmo,73.4,44.2
Dani Olmo,43.7,48.8
Dani Olmo,44.7,56.7
Lamine Yamal,65.6,56.5
Lamine Yamal,70.0,42.6
Lamine Yamal,34.6,49.1
Lamine Yamal,71.3,34.5
Lamine Yamal,73.4,32.9
Lamine Yamal,73.4,55.0
Lamine Yamal,88.2,56.7
Lamine Yamal,102.0,53.3
Lamine Yamal,13.0,56.9
Lamine Yamal,33.8,66.5
Lamine Yamal,94.1,50.9
Lamine Yamal,24.7,59.6
Lamine Yamal,83.7,41.1
Lamine Yamal,96.3,43.9
Lamine Yamal,95.2,60.5
Lamine Yamal,100.1,50.2
Lamine Yamal,46.1,62.5
Lamine Yamal,58.6,38.0
Lamine Yamal,50.5,54.2
Lamine Yamal,76.7,62.4
Lamine Yamal,99.6,52.3
Lamine Yamal,69.7,62.8
Lamine Yamal,67.7,57.5
Lamine Yamal,67.7,57.5
Lamine Yamal,64.8,58.2
Lamine Yamal,71.1,64.5
Lamine Yamal,60.0,65.6
Lamine Yamal,58.9,64.9
Lamine Yamal,62.1,59.0
Lamine Yamal,58.9,64.8
Lamine Yamal,44.6,60.7
Lamine Yamal,70.7,51.0
Lamine Yamal,58.6,50.9
Lamine Yamal,60.9,57.3
Lamine Yamal,78.7,65.7
Lamine Yamal,76.9,63.2
Lamine Yamal,62.1,65.6
Lamine Yamal,58.3,64.4
Lamine Yamal,46.6,65.4
Lamine Yamal,55.5,64.5
Lamine Yamal,61.7,49.2
Lamine Yamal,30.7,59.9
Lamine Yamal,66.9,58.7
Lamine Yamal,79.4,42.5
Lamine Yamal,18.4,51.4
Lamine Yamal,97.0,53.8
Lamine Yamal,97.4,53.3
Lamine Yamal,12.7,56.5
Lamine Yamal,62.6,63.6
Lamine Yamal,64.8,64.4
Lamine Yamal,84.9,64.2
Lamine Yamal,38.7,64.7
Lamine Yamal,48.3,63.6
Lamine Yamal,69.4,58.2
Lamine Yamal,76.3,44.4
Ferran Torres,58.7,62.6
Ferran Torres,58.7,62.6
Ferran Torres,95.9,32.6
Ferran Torres,95.9,32.6
Ferran Torres,74.0,3.0
Ferran Torres,69.5,5.1
Ferran Torres,66.6,50.5
Ferran Torres,66.6,17.3
Ferran Torres,60.8,25.5
Ferran Torres,66.3,20.6
Ferran Torres,68.3,24.6
Ferran Torres,76.1,53.0
Mikel Merino,65.5,46.8
Mikel Merino,65.5,46.8
Mikel Merino,65.9,45.2
Mikel Merino,66.6,52.8
Mikel Merino,51.0,31.9
Mikel Merino,46.3,30.5
Mikel Merino,61.7,52.1
Mikel Merino,61.7,52.1
Mikel Merino,65.1,9.9
Mikel Merino,62.4,13.1
Mikel Merino,62.4,13.1
Mikel Merino,68.8,50.1
Mikel Merino,68.8,50.1
Mikel Merino,64.0,57.1
Mikel Merino,64.0,57.1
Mikel Merino,64.0,56.5
Mikel Merino,69.9,14.9
Mikel Merino,69.2,8.3
Mikel Merino,71.3,12.1
Mikel Merino,57.1,27.5
Mikel Merino,67.8,9.4
Mikel Merino,48.8,19.9
Mikel Merino,37.6,25.7
Mikel Merino,12.4,25.4
Pedri,60.4,45.3
Pedri,80.6,26.8
Pedri,67.5,17.5
Pedri,68.8,13.1
Pedri,39.2,25.0
Pedri,64.6,13.6
Pedri,60.7,13.6
Pedri,77.9,7.4
Pedri,70.9,2.8
Pedri,69.5,2.0
Pedri,48.6,11.0
Pedri,47.6,57.2
Pedri,48.9,51.2
Pedri,66.9,43.8
Pedri,67.8,47.8
Pedri,61.7,57.7
Pedri,65.0,60.0
Pedri,64.2,33.5
Pedri,31.5,35.6
Pedri,38.1,60.8
Pedri,46.0,20.6
Pedri,47.2,30.3
Pedri,68.6,62.8
Pedri,55.2,36.7
Pedri,47.2,49.1
Pedri,39.1,37.7
Pedri,48.3,31.3
Nico Williams,61.0,6.9
Nico Williams,61.1,5.9
Nico Williams,67.5,14.5
Nico Williams,65.7,12.3
Nico Williams,28.8,3.2
Nico Williams,28.8,3.2
Nico Williams,54.6,17.9
Nico Williams,54.2,6.8
Nico Williams,100.7,19.7
Nico Williams,75.4,5.6
Marcos Llorente,10.4,43.9
Marcos Llorente,65.9,62.6
Marcos Llorente,55.0,63.0
Marcos Llorente,61.7,59.7
Marcos Llorente,24.2,50.8
Marcos Llorente,25.1,64.5
Marcos Llorente,26.6,60.5
Marcos Llorente,45.8,57.2
Marcos Llorente,31.0,56.7
Marcos Llorente,61.7,68.0
Pedro Porro,59.2,61.8
Pedro Porro,32.9,60.7
Pedro Porro,68.9,47.1
Pedro Porro,45.4,65.4
Pedro Porro,54.4,68.0
Pedro Porro,44.9,58.6
Pedro Porro,58.8,59.5
Pedro Porro,75.4,46.5
Pedro Porro,62.1,68.0
Pedro Porro,55.5,64.9
Pedro Porro,67.4,50.0
Pedro Porro,67.4,50.0
Pedro Porro,50.4,68.0
Pedro Porro,28.3,60.6
Pedro Porro,30.0,61.6
Pedro Porro,72.0,62.6
Pedro Porro,35.1,52.0
Pedro Porro,89.3,68.0
Pedro Porro,69.0,65.1
Pedro Porro,36.7,52.6
Pedro Porro,39.3,47.7
Pedro Porro,47.9,62.6
Pedro Porro,33.4,63.7
Pedro Porro,17.1,49.5
Pedro Porro,20.0,51.0
Pedro Porro,45.7,64.8
Pedro Porro,27.7,52.2
Pedro Porro,44.3,63.9
Pedro Porro,37.4,62.4
Pedro Porro,37.9,62.6
Pedro Porro,56.2,64.1
Pedro Porro,19.0,68.0
Pedro Porro,18.8,64.9
Pedro Porro,36.7,48.1
Pedro Porro,56.8,62.0
Pedro Porro,36.0,63.5
Pedro Porro,25.7,55.3
Pedro Porro,22.7,56.8
Pedro Porro,67.2,60.5
Pedro Porro,70.9,56.9
Pedro Porro,62.1,64.5
Pedro Porro,28.9,65.1
Pedro Porro,27.9,63.5
Pedro Porro,66.0,62.4
Pedro Porro,72.2,62.4
Pedro Porro,78.4,39.6
Pedro Porro,49.8,60.9
Pedro Porro,58.0,58.5
Pedro Porro,63.9,56.8
Pedro Porro,64.4,54.6
Pedro Porro,37.9,52.8
Pedro Porro,32.9,68.0
Pedro Porro,44.9,62.6
Pedro Porro,98.7,51.2
Pedro Porro,64.6,56.1
Pedro Porro,32.3,63.5
Pedro Porro,36.1,62.4
Pedro Porro,22.4,64.1
Pedro Porro,19.1,63.9
Pedro Porro,13.9,64.7
Pedro Porro,30.7,55.3
Pedro Porro,33.2,61.8
Pedro Porro,32.4,60.1
Pedro Porro,56.3,60.5
Pedro Porro,58.4,64.3
Pedro Porro,56.9,63.3
Pedro Porro,54.8,62.4
Pedro Porro,44.2,62.4
Pedro Porro,26.1,64.1
Pedro Porro,42.2,65.5
Pedro Porro,54.8,59.9
Pedro Porro,69.4,65.3
Pedro Porro,61.7,61.4
Pedro Porro,34.1,35.6
Pedro Porro,34.1,35.6
Pedro Porro,36.8,64.9
Pedro Porro,93.3,57.7
Pedro Porro,83.5,53.1
Pedro Porro,49.7,68.0
Pedro Porro,80.6,50.2
Pedro Porro,41.3,50.2
Pedro Porro,58.0,62.2
Pedro Porro,80.8,49.8
Pedro Porro,32.4,63.7
Pedro Porro,80.9,57.2
Pedro Porro,31.4,68.0
Pedro Porro,47.0,54.7
Pedro Porro,34.9,51.6
Pedro Porro,60.8,64.9
Pedro Porro,77.9,64.1
Pedro Porro,77.6,51.0
Pedro Porro,92.2,68.0
Pedro Porro,65.0,64.3
Pedro Porro,41.0,65.3
Pedro Porro,47.0,58.3
Pedro Porro,51.4,53.7
Pedro Porro,54.6,63.9
Pedro Porro,83.1,59.9
Pedro Porro,87.2,57.4
Pedro Porro,65.7,59.3
Pedro Porro,70.7,59.0
Pedro Porro,76.0,64.7
Pedro Porro,95.6,68.0
Pedro Porro,63.7,65.6
Pedro Porro,65.6,68.0
Pedro Porro,67.5,37.4
Pedro Porro,82.7,49.0
Pedro Porro,32.8,56.0
Pedro Porro,66.0,50.2
Pedro Porro,68.5,61.6
Pedro Porro,45.7,58.6
Pedro Porro,66.2,60.3
Pedro Porro,64.6,58.1
Pedro Porro,76.7,50.0
Pedro Porro,80.4,47.3
Pedro Porro,77.0,52.4
Pedro Porro,64.5,59.5
Pedro Porro,57.3,48.1
Pedro Porro,68.8,50.8
Pedro Porro,68.3,57.9
Pedro Porro,83.7,60.5
Pedro Porro,26.2,63.5
Pedro Porro,61.2,52.0
Pedro Porro,79.2,49.8
Pedro Porro,93.1,56.1
Pedro Porro,82.2,50.0
Pedro Porro,63.6,59.7
Pedro Porro,65.0,56.4
Pedro Porro,18.9,51.8
Pedro Porro,78.0,50.4
Pedro Porro,41.6,48.9
Pedro Porro,42.8,48.9
Pedro Porro,24.5,59.5
Pedro Porro,4.3,68.0
Pedro Porro,17.4,62.9
Pedro Porro,80.7,53.1
Pedro Porro,47.4,55.8
Pedro Porro,18.0,42.3
Pedro Porro,29.6,65.8
Pedro Porro,41.6,58.3
Pedro Porro,43.8,59.9
Pedro Porro,54.1,66.0
Pedro Porro,42.9,65.3
Pedro Porro,59.1,64.5
Pedro Porro,34.0,51.6
Pedro Porro,50.4,60.7
Aymeric Laporte,36.7,43.7
Aymeric Laporte,35.5,43.8
Aymeric Laporte,24.0,17.3
Aymeric Laporte,22.0,19.5
Aymeric Laporte,62.1,11.4
Aymeric Laporte,14.0,9.7
Aymeric Laporte,59.1,50.4
Aymeric Laporte,72.6,18.6
Aymeric Laporte,74.0,17.0
Aymeric Laporte,26.6,17.2
Aymeric Laporte,23.0,12.6
Aymeric Laporte,36.9,34.5
Aymeric Laporte,24.7,38.1
Aymeric Laporte,54.4,51.4
Aymeric Laporte,54.4,51.4
Aymeric Laporte,59.0,25.5
Aymeric Laporte,29.6,4.1
Aymeric Laporte,39.0,46.0
Aymeric Laporte,14.5,15.2
Aymeric Laporte,10.6,7.5
Aymeric Laporte,34.3,9.3
Aymeric Laporte,38.5,26.4
Aymeric Laporte,9.1,17.5
Aymeric Laporte,32.8,13.0
Aymeric Laporte,31.6,12.7
Aymeric Laporte,64.1,4.9
Aymeric Laporte,74.8,7.0
Aymeric Laporte,8.2,11.0
Aymeric Laporte,7.8,9.1
Aymeric Laporte,25.6,25.7
Aymeric Laporte,28.4,24.1
Aymeric Laporte,32.0,22.2
Aymeric Laporte,31.6,8.9
Aymeric Laporte,25.2,17.8
Aymeric Laporte,25.4,14.3
Aymeric Laporte,25.2,13.7
Aymeric Laporte,27.0,9.5
Aymeric Laporte,60.0,17.3
Aymeric Laporte,26.3,19.7
Aymeric Laporte,71.2,17.6
Aymeric Laporte,67.4,9.8
Aymeric Laporte,75.6,11.8
Aymeric Laporte,56.9,3.2
Aymeric Laporte,74.5,17.4
Aymeric Laporte,64.5,24.8
Aymeric Laporte,11.8,15.9
Aymeric Laporte,35.8,33.3
Aymeric Laporte,31.2,34.5
Aymeric Laporte,35.4,32.3
Aymeric Laporte,42.7,28.1
Aymeric Laporte,47.8,18.2
Aymeric Laporte,54.8,21.3
Aymeric Laporte,28.8,14.1
Aymeric Laporte,23.1,22.3
Aymeric Laporte,18.9,18.5
Aymeric Laporte,25.3,13.6
Aymeric Laporte,34.9,33.2
Aymeric Laporte,47.0,40.3
Aymeric Laporte,44.2,23.9
Aymeric Laporte,23.8,25.7
Aymeric Laporte,16.3,21.8
Aymeric Laporte,9.4,8.9
Aymeric Laporte,8.4,6.2
Aymeric Laporte,9.6,8.0
Aymeric Laporte,12.7,26.0
Aymeric Laporte,50.6,34.0
Aymeric Laporte,84.2,9.3
Aymeric Laporte,22.2,17.6
Aymeric Laporte,19.8,18.5
Aymeric Laporte,60.3,20.6
Aymeric Laporte,49.7,24.4
Aymeric Laporte,47.2,7.7
Aymeric Laporte,37.3,11.2
Aymeric Laporte,38.9,35.4
Aymeric Laporte,32.4,34.5
Aymeric Laporte,24.5,20.3
Aymeric Laporte,51.9,48.6
Aymeric Laporte,44.5,45.0
Aymeric Laporte,32.5,31.3
Aymeric Laporte,33.7,19.5
Aymeric Laporte,99.8,30.1
Aymeric Laporte,98.6,30.3
Aymeric Laporte,59.8,22.8
Aymeric Laporte,58.6,18.5
Aymeric Laporte,54.2,28.1
Aymeric Laporte,33.6,22.6
Aymeric Laporte,57.1,30.9
Aymeric Laporte,57.3,26.3
Aymeric Laporte,15.0,10.1
Aymeric Laporte,13.1,10.0
Aymeric Laporte,50.0,32.3
Aymeric Laporte,63.5,20.3
Aymeric Laporte,57.6,20.9
Aymeric Laporte,55.7,12.6
Aymeric Laporte,26.6,27.2
Aymeric Laporte,46.7,30.2
Aymeric Laporte,42.9,27.4
Aymeric Laporte,71.0,5.0
Aymeric Laporte,65.8,7.2
Aymeric Laporte,57.4,7.5
Aymeric Laporte,35.1,18.9
Aymeric Laporte,22.1,2.6
Aymeric Laporte,37.8,19.5
Aymeric Laporte,37.0,15.5
Aymeric Laporte,66.3,22.3
Aymeric Laporte,63.9,22.3
Aymeric Laporte,40.1,21.8
Aymeric Laporte,73.7,11.6
Aymeric Laporte,32.1,18.4
Aymeric Laporte,36.1,19.6
Aymeric Laporte,35.8,45.0
Aymeric Laporte,40.3,39.8
Aymeric Laporte,59.7,4.3
Aymeric Laporte,31.9,0.0
Pau Cubarsí,33.3,47.7
Pau Cubarsí,22.7,50.0
Pau Cubarsí,23.0,43.0
Pau Cubarsí,22.7,48.1
Pau Cubarsí,28.4,59.2
Pau Cubarsí,56.5,46.7
Pau Cubarsí,74.6,55.4
Pau Cubarsí,56.5,35.5
Pau Cubarsí,56.4,35.8
Pau Cubarsí,28.3,43.7
Pau Cubarsí,25.6,42.0
Pau Cubarsí,48.0,60.7
Pau Cubarsí,44.1,56.0
Pau Cubarsí,41.6,48.5
Pau Cubarsí,26.1,51.0
Pau Cubarsí,25.0,58.1
Pau Cubarsí,76.0,64.6
Pau Cubarsí,76.0,64.6
Pau Cubarsí,75.7,62.8
Pau Cubarsí,75.7,62.8
Pau Cubarsí,66.4,60.7
Pau Cubarsí,23.8,39.6
Pau Cubarsí,62.7,64.3
Pau Cubarsí,49.6,64.3
Pau Cubarsí,17.5,56.6
Pau Cubarsí,33.8,54.3
Pau Cubarsí,25.3,46.1
Pau Cubarsí,37.3,49.5
Pau Cubarsí,28.9,38.3
Pau Cubarsí,24.7,43.2
Pau Cubarsí,30.0,50.6
Pau Cubarsí,27.9,32.9
Pau Cubarsí,33.8,52.2
Pau Cubarsí,32.0,51.2
Pau Cubarsí,24.9,45.3
Pau Cubarsí,24.9,43.4
Pau Cubarsí,31.0,45.2
Pau Cubarsí,26.7,40.4
Pau Cubarsí,38.9,48.8
Pau Cubarsí,32.8,28.7
Pau Cubarsí,59.0,30.4
Pau Cubarsí,18.8,51.8
Pau Cubarsí,58.9,47.4
Pau Cubarsí,56.5,56.7
Pau Cubarsí,57.0,45.8
Pau Cubarsí,55.8,43.8
Pau Cubarsí,22.3,45.8
Pau Cubarsí,18.4,54.6
Pau Cubarsí,31.3,49.5
Pau Cubarsí,42.1,49.2
Pau Cubarsí,28.2,48.3
Pau Cubarsí,58.5,47.2
Pau Cubarsí,57.3,45.8
Pau Cubarsí,56.4,39.4
Pau Cubarsí,34.8,48.3
Pau Cubarsí,27.0,34.7
Pau Cubarsí,24.9,35.1
Pau Cubarsí,11.1,44.0
Pau Cubarsí,20.9,40.6
Pau Cubarsí,28.0,42.0
Pau Cubarsí,25.2,45.4
Pau Cubarsí,29.2,46.9
Pau Cubarsí,41.7,50.9
Pau Cubarsí,47.8,50.6
Pau Cubarsí,46.7,51.9
Pau Cubarsí,42.1,49.1
Pau Cubarsí,35.5,45.7
Pau Cubarsí,23.0,50.0
Pau Cubarsí,27.0,30.3
Pau Cubarsí,36.3,58.2
Pau Cubarsí,25.8,62.8
Pau Cubarsí,19.2,63.3
Pau Cubarsí,56.7,29.8
Pau Cubarsí,58.5,37.7
Pau Cubarsí,35.5,44.4
Pau Cubarsí,22.5,56.3
Pau Cubarsí,64.1,48.7
Pau Cubarsí,58.0,55.2
Pau Cubarsí,31.6,62.6
Pau Cubarsí,44.6,46.0
Pau Cubarsí,40.7,45.3
Pau Cubarsí,40.3,48.9
Pau Cubarsí,26.2,49.4
Pau Cubarsí,25.4,59.3
Pau Cubarsí,11.0,56.7
Pau Cubarsí,18.8,64.3
Pau Cubarsí,45.8,43.0
Pau Cubarsí,31.4,46.9
Pau Cubarsí,49.2,48.6
Pau Cubarsí,50.2,51.4
Pau Cubarsí,60.5,22.0
Pau Cubarsí,67.6,38.5
Pau Cubarsí,70.4,42.6
Pau Cubarsí,83.6,49.3
Pau Cubarsí,78.3,66.8
Pau Cubarsí,78.3,66.8
Pau Cubarsí,70.7,66.1
Pau Cubarsí,70.7,66.1
Pau Cubarsí,30.1,45.5
Pau Cubarsí,30.0,45.7
Pau Cubarsí,46.5,50.2
Pau Cubarsí,44.8,49.0
Pau Cubarsí,25.4,43.4
Pau Cubarsí,14.7,59.3
Pau Cubarsí,59.3,47.9
Pau Cubarsí,57.0,52.4
Pau Cubarsí,58.0,54.0
Pau Cubarsí,56.8,44.8
Pau Cubarsí,62.2,46.1
Pau Cubarsí,69.5,64.3
Pau Cubarsí,66.9,59.5
Pau Cubarsí,47.4,43.7
Pau Cubarsí,26.1,43.7
Pau Cubarsí,25.9,48.8
Pau Cubarsí,23.0,50.8
Pau Cubarsí,78.3,39.3
Pau Cubarsí,64.9,36.4
Pau Cubarsí,18.8,11.4
Pau Cubarsí,20.5,30.2
Pau Cubarsí,56.6,48.4
Pau Cubarsí,50.0,48.3
Pau Cubarsí,59.7,47.6
Pau Cubarsí,67.6,43.9
Pau Cubarsí,48.0,51.9
Pau Cubarsí,72.1,41.5
Pau Cubarsí,12.5,45.9
Pau Cubarsí,19.3,44.2
Pau Cubarsí,34.6,30.9
Pau Cubarsí,67.6,46.9
Pau Cubarsí,64.2,48.1
Pau Cubarsí,20.0,55.8
Pau Cubarsí,20.0,55.8
Pau Cubarsí,45.8,53.0
Pau Cubarsí,77.0,44.1
Pau Cubarsí,63.8,58.0
Pau Cubarsí,64.0,41.2
Pau Cubarsí,4.6,63.0
Pau Cubarsí,2.1,63.7
Pau Cubarsí,29.5,43.6
Pau Cubarsí,14.3,44.2
Pau Cubarsí,11.6,45.0
Pau Cubarsí,41.4,28.5
Pau Cubarsí,29.2,37.7
Pau Cubarsí,10.7,49.2
Pau Cubarsí,37.3,55.3
Pau Cubarsí,54.7,30.3
Pau Cubarsí,54.2,29.5
Pau Cubarsí,32.7,49.1
Pau Cubarsí,25.8,31.1
Pau Cubarsí,2.3,31.4
Pau Cubarsí,3.2,30.8
Pau Cubarsí,18.0,40.5
Unai Simón,17.6,36.7
Unai Simón,17.9,34.7
Unai Simón,13.9,34.7
Unai Simón,28.9,48.5
Unai Simón,30.0,51.6
Unai Simón,15.5,32.2
Unai Simón,18.1,33.5
Unai Simón,13.5,35.8
Unai Simón,11.8,36.7
Unai Simón,3.9,26.1
Unai Simón,2.8,27.6
Unai Simón,11.6,24.4
Unai Simón,15.0,45.1
Unai Simón,14.5,44.2
Unai Simón,18.4,30.3
Unai Simón,18.4,30.3
Unai Simón,7.8,26.9
Unai Simón,9.6,25.3
Unai Simón,25.0,20.6
Unai Simón,14.4,32.5
Unai Simón,13.8,34.0
Unai Simón,8.0,34.0
Unai Simón,18.9,30.3
Unai Simón,18.9,30.3
Unai Simón,8.5,34.7
Unai Simón,8.8,25.8
Unai Simón,12.1,29.5
Unai Simón,8.0,42.0
Unai Simón,11.5,16.4
Unai Simón,10.9,16.2
Unai Simón,8.6,29.9
Unai Simón,3.4,29.4
Unai Simón,9.2,41.7
Unai Simón,9.7,31.1
Unai Simón,3.4,25.0
Unai Simón,14.4,33.2
Unai Simón,3.7,46.5
Unai Simón,25.4,43.8
Unai Simón,27.0,30.2
Unai Simón,11.4,29.4
Unai Simón,24.3,37.8
Unai Simón,9.4,23.9
Unai Simón,24.5,22.6
Unai Simón,22.1,24.6
Unai Simón,3.0,31.5
Unai Simón,8.0,31.0
Unai Simón,24.9,38.0
Unai Simón,1.7,39.1
Unai Simón,10.0,21.3
Unai Simón,8.7,28.6
Unai Simón,9.7,34.0
Unai Simón,4.1,24.3
Unai Simón,8.6,26.3
Unai Simón,4.6,30.0
Unai Simón,5.0,26.1
Unai Simón,5.0,26.1
Unai Simón,4.7,27.5
Unai Simón,22.2,40.6
Unai Simón,13.8,42.0
Unai Simón,14.4,35.8
Fabián Ruiz,29.3,13.1
Fabián Ruiz,35.9,31.7
Fabián Ruiz,68.5,35.4
Fabián Ruiz,55.2,12.2
Fabián Ruiz,55.8,30.3
Fabián Ruiz,56.8,27.6
Fabián Ruiz,57.3,21.6
Fabián Ruiz,60.0,20.8
Fabián Ruiz,68.6,16.4
Fabián Ruiz,72.9,14.1
Fabián Ruiz,74.0,15.7
Fabián Ruiz,66.5,33.2
Fabián Ruiz,67.7,36.4
Fabián Ruiz,48.0,39.1
Fabián Ruiz,36.7,50.2
Fabián Ruiz,65.7,12.5
Fabián Ruiz,79.0,15.4
Fabián Ruiz,101.6,44.6
Fabián Ruiz,90.9,4.1
Fabián Ruiz,39.4,10.0
Fabián Ruiz,39.4,10.0
Fabián Ruiz,42.8,19.3
Fabián Ruiz,25.0,15.4
Fabián Ruiz,41.0,31.7
Fabián Ruiz,61.9,21.3
Fabián Ruiz,58.7,21.6
Fabián Ruiz,67.5,55.5
Fabián Ruiz,22.0,5.2
Fabián Ruiz,38.6,52.2
Fabián Ruiz,69.7,45.3
Fabián Ruiz,79.7,10.2
Fabián Ruiz,60.5,4.9
Fabián Ruiz,13.8,65.1
Fabián Ruiz,66.2,46.7
Fabián Ruiz,56.2,48.7
Fabián Ruiz,57.3,38.0
Fabián Ruiz,65.0,27.7
Fabián Ruiz,78.0,22.6
Fabián Ruiz,46.6,23.4
Fabián Ruiz,47.4,36.7
Fabián Ruiz,60.7,25.7
Fabián Ruiz,76.3,45.9
Fabián Ruiz,68.9,23.0
Fabián Ruiz,29.1,22.6
Fabián Ruiz,58.0,19.1
Fabián Ruiz,62.0,8.7
Fabián Ruiz,44.9,23.5
Fabián Ruiz,75.8,16.2
Fabián Ruiz,49.4,40.4
Fabián Ruiz,94.1,30.8
Fabián Ruiz,68.6,16.2
Fabián Ruiz,57.2,62.0
Fabián Ruiz,47.2,53.7
Fabián Ruiz,48.1,53.5
Fabián Ruiz,56.1,57.6
Fabián Ruiz,74.6,33.3
Dani Olmo,40.2,37.2
Dani Olmo,62.1,19.9
Dani Olmo,69.4,16.4
Dani Olmo,72.2,48.1
Dani Olmo,71.9,45.7
Dani Olmo,91.5,42.5
Dani Olmo,37.3,13.4
Dani Olmo,72.2,25.3
Dani Olmo,59.7,35.6
Dani Olmo,95.6,22.2
Dani Olmo,84.9,12.8
Dani Olmo,48.6,62.7
Dani Olmo,45.7,60.0
Dani Olmo,43.7,62.2
Dani Olmo,93.1,4.5
Dani Olmo,36.9,45.1
Dani Olmo,42.8,48.1
Dani Olmo,65.1,48.3
Dani Olmo,69.8,40.5
Dani Olmo,68.9,36.5
Dani Olmo,68.1,26.5
Dani Olmo,67.7,25.0
Dani Olmo,70.4,2.7
Dani Olmo,78.8,22.1
Dani Olmo,80.5,17.3
Dani Olmo,40.5,45.7
Dani Olmo,44.2,44.2
Dani Olmo,49.8,50.0
Dani Olmo,45.9,64.7
Dani Olmo,74.8,45.3
Dani Olmo,60.5,47.7
Dani Olmo,102.8,47.9
Dani Olmo,96.8,36.4
Dani Olmo,69.7,45.2
Dani Olmo,79.7,48.1
Dani Olmo,67.6,45.1
Dani Olmo,80.5,35.6
Dani Olmo,102.4,34.2
Dani Olmo,100.1,36.6
Dani Olmo,100.1,36.6
Dani Olmo,54.9,38.5
Dani Olmo,59.3,46.7
Mikel Oyarzabal,42.8,50.7
Mikel Oyarzabal,76.9,48.1
Mikel Oyarzabal,60.3,26.6
Mikel Oyarzabal,33.7,45.3
Mikel Oyarzabal,83.7,47.3
Mikel Oyarzabal,71.0,39.8
Mikel Oyarzabal,81.4,48.8
Mikel Oyarzabal,76.1,47.9
Mikel Oyarzabal,87.5,55.3
Mikel Oyarzabal,48.4,11.9
Mikel Oyarzabal,55.9,40.4
Mikel Oyarzabal,92.1,48.8
Mikel Oyarzabal,71.1,51.4
Mikel Oyarzabal,71.3,50.6
Mikel Oyarzabal,58.3,49.8
Mikel Oyarzabal,73.7,61.4
Mikel Oyarzabal,78.1,29.6
Mikel Oyarzabal,94.0,10.6
Mikel Oyarzabal,86.5,37.1
Mikel Oyarzabal,31.9,26.1
Mikel Oyarzabal,32.1,26.5
Mikel Oyarzabal,81.7,50.7
Mikel Oyarzabal,43.4,58.2
Mikel Oyarzabal,41.4,53.9
Mikel Oyarzabal,57.4,48.5
Mikel Oyarzabal,41.3,63.0
Mikel Oyarzabal,74.5,25.4
Mikel Oyarzabal,72.7,23.3
Mikel Oyarzabal,52.6,34.2
Mikel Oyarzabal,68.9,38.8
Mikel Oyarzabal,68.9,38.8
Mikel Oyarzabal,3.0,28.5
Mikel Oyarzabal,84.3,30.4
Mikel Oyarzabal,46.3,15.2
Álex Baena,68.8,20.2
Álex Baena,71.6,14.7
Álex Baena,49.2,8.0
Álex Baena,59.3,18.2
Álex Baena,74.5,7.4
Álex Baena,81.7,8.5
Álex Baena,80.6,4.1
Álex Baena,104.5,67.7
Álex Baena,93.3,57.9
Álex Baena,36.6,37.2
Álex Baena,67.8,10.6
Álex Baena,95.9,4.1
Álex Baena,72.7,1.8
Álex Baena,79.4,2.6
Álex Baena,75.3,1.4
Álex Baena,65.4,3.7
Álex Baena,104.5,0.3
Álex Baena,59.3,7.7
Álex Baena,96.2,9.3
Álex Baena,99.4,11.5
Álex Baena,70.0,38.5
Álex Baena,75.7,40.1
Álex Baena,85.4,18.7
Álex Baena,84.3,27.1
Álex Baena,69.2,19.5
Álex Baena,70.2,20.5
Álex Baena,79.3,19.3
Álex Baena,85.3,26.8
Álex Baena,80.2,3.2
Álex Baena,81.5,4.9
Álex Baena,42.0,4.1
Álex Baena,83.2,3.4
Álex Baena,104.5,67.7
Álex Baena,97.7,52.9
Álex Baena,93.9,65.3
Álex Baena,80.6,58.5
Álex Baena,43.5,26.0
Álex Baena,43.5,26.0
Álex Baena,79.9,6.2
Álex Baena,104.5,0.3
Álex Baena,96.1,3.1
Álex Baena,102.0,42.7
Álex Baena,65.3,4.3
Álex Baena,65.3,4.3
Álex Baena,53.7,2.5
Álex Baena,74.7,3.3
Álex Baena,73.9,2.7
Marc Cucurella,76.7,2.9
Marc Cucurella,80.6,3.0
Marc Cucurella,35.1,6.0
Marc Cucurella,32.7,3.7
Marc Cucurella,75.1,15.8
Marc Cucurella,42.9,8.1
Marc Cucurella,58.3,25.2
Marc Cucurella,57.8,5.1
Marc Cucurella,53.1,0.0
Marc Cucurella,68.8,4.3
Marc Cucurella,35.1,25.5
Marc Cucurella,38.2,9.3
Marc Cucurella,27.7,3.7
Marc Cucurella,77.5,3.9
Marc Cucurella,59.7,6.0
Marc Cucurella,83.8,10.4
Marc Cucurella,91.8,5.2
Marc Cucurella,93.6,7.5
Marc Cucurella,21.7,1.4
Marc Cucurella,22.1,0.0
Marc Cucurella,70.9,11.7
Marc Cucurella,71.3,12.7
Marc Cucurella,13.1,22.4
Marc Cucurella,59.3,8.5
Marc Cucurella,32.9,6.0
Marc Cucurella,75.5,5.4
Marc Cucurella,81.0,11.2
Marc Cucurella,76.6,4.3
Marc Cucurella,79.6,10.9
Marc Cucurella,81.1,0.0
Marc Cucurella,93.5,8.1
Marc Cucurella,94.0,10.6
Marc Cucurella,94.4,12.0
Marc Cucurella,68.9,6.8
Marc Cucurella,19.9,1.8
Marc Cucurella,14.0,14.9
Marc Cucurella,71.9,3.2
Marc Cucurella,75.7,2.7
Marc Cucurella,69.1,26.2
Marc Cucurella,85.3,17.0
Marc Cucurella,23.6,5.6
Marc Cucurella,69.9,4.3
Marc Cucurella,38.2,4.5
Marc Cucurella,40.0,7.0
Marc Cucurella,28.0,17.3
Marc Cucurella,40.7,15.2
Marc Cucurella,89.6,3.4
Marc Cucurella,71.9,6.6
Marc Cucurella,70.2,15.1
Marc Cucurella,74.0,16.6
Marc Cucurella,60.3,3.9
Marc Cucurella,54.0,2.2
Marc Cucurella,74.0,19.1
Marc Cucurella,82.6,17.8
Marc Cucurella,56.8,48.3
Marc Cucurella,53.4,48.6
Marc Cucurella,74.3,16.2
Marc Cucurella,34.3,3.5
Marc Cucurella,12.8,16.6
Marc Cucurella,13.6,16.6
Marc Cucurella,79.2,0.0
Marc Cucurella,76.7,14.3
Marc Cucurella,75.4,12.1
Marc Cucurella,50.0,35.5
Marc Cucurella,41.1,4.3
Marc Cucurella,27.4,25.7
Marc Cucurella,66.2,10.3
Marc Cucurella,60.8,5.4
Marc Cucurella,52.0,5.4
Marc Cucurella,65.1,7.4
Marc Cucurella,67.6,16.4
Marc Cucurella,66.2,13.3
Marc Cucurella,81.8,7.6
Marc Cucurella,95.2,0.0
Marc Cucurella,44.4,2.7
Marc Cucurella,76.4,11.7
Marc Cucurella,68.6,27.6
Marc Cucurella,73.7,28.6
Marc Cucurella,60.8,6.8
Marc Cucurella,59.5,7.9
Marc Cucurella,79.6,11.6
Marc Cucurella,75.6,8.9
Marc Cucurella,60.5,4.7
Marc Cucurella,69.4,6.4
Marc Cucurella,47.4,20.8
Marc Cucurella,79.2,11.4
Marc Cucurella,81.0,16.8
Marc Cucurella,88.8,4.7
Marc Cucurella,66.7,9.8
Marc Cucurella,66.7,10.6
Marc Cucurella,6.5,5.4
Marc Cucurella,7.2,8.1
Marc Cucurella,26.2,6.0
Marc Cucurella,41.7,6.2
Marc Cucurella,56.7,0.0
Marc Cucurella,26.9,4.9
Marc Cucurella,29.4,3.7
Marc Cucurella,31.5,4.1
Marc Cucurella,58.5,6.2
Marc Cucurella,57.3,6.2
Marc Cucurella,60.5,5.8
Marc Cucurella,34.8,14.9
Marc Cucurella,56.5,11.2
Marc Cucurella,58.0,15.0
Marc Cucurella,65.9,17.3
Rodri,47.7,21.1
Rodri,76.7,31.3
Rodri,75.7,33.2
Rodri,81.1,42.2
Rodri,93.6,52.0
Rodri,96.4,61.1
Rodri,47.9,40.4
Rodri,46.3,51.8
Rodri,57.2,30.4
Rodri,68.5,31.3
Rodri,61.0,43.7
Rodri,62.3,42.0
Rodri,58.4,45.2
Rodri,42.8,54.5
Rodri,73.5,46.5
Rodri,40.3,56.7
Rodri,35.4,51.4
Rodri,47.0,31.5
Rodri,62.8,43.6
Rodri,71.0,25.3
Rodri,19.9,32.9
Rodri,35.4,22.6
Rodri,33.7,24.8
Rodri,49.9,39.6
Rodri,44.3,46.5
Rodri,24.1,62.0
Rodri,31.3,50.8
Rodri,24.1,50.2
Rodri,72.8,63.3
Rodri,47.9,23.0
Rodri,58.9,16.2
Rodri,63.9,42.4
Rodri,36.3,54.8
Rodri,33.9,12.9
Rodri,33.2,13.0
Rodri,36.9,44.0
Rodri,26.9,25.0
Rodri,20.2,59.7
Rodri,59.1,22.6
Rodri,31.6,38.4
Rodri,78.1,16.9
Rodri,35.2,64.9
Rodri,41.7,25.1
Rodri,67.1,30.3
Rodri,66.9,37.7
Rodri,34.8,63.8
Rodri,30.9,64.3
Rodri,60.0,43.0
Rodri,55.1,59.0
Rodri,41.4,57.9
Rodri,61.7,50.2
Rodri,69.4,28.1
Rodri,46.7,13.1
Rodri,68.1,9.5
Rodri,59.1,7.4
Rodri,60.8,12.0
Rodri,66.2,12.9
Rodri,72.4,43.6
Rodri,15.3,59.3
Rodri,32.4,29.2
Rodri,23.8,32.3
Rodri,50.2,37.7
Rodri,45.4,36.0
Rodri,31.3,29.2
Rodri,31.3,29.2
Rodri,23.8,53.0
Rodri,59.4,37.1
Rodri,58.0,30.3
Rodri,65.6,20.1
Rodri,38.9,29.0
Rodri,68.1,36.9
Rodri,70.7,37.1
Rodri,31.0,23.4
Rodri,70.2,29.6
Rodri,72.8,41.1
Rodri,50.4,26.3
Rodri,55.6,29.9
Rodri,29.5,40.4
Rodri,35.8,19.7
Rodri,56.1,46.2
Rodri,74.7,37.8
Rodri,41.1,40.9
Rodri,39.6,45.0
Rodri,14.2,43.0
Rodri,63.9,17.1
Rodri,43.1,23.0
Rodri,44.4,44.2
Rodri,39.6,32.4
Rodri,72.6,51.0
Rodri,65.5,55.8
Rodri,64.0,50.2
Rodri,72.4,47.5
Rodri,77.3,28.1
Rodri,72.4,26.8
Rodri,72.4,26.8
Rodri,80.6,62.6
Rodri,36.6,24.0
Rodri,47.7,39.8
Rodri,57.1,45.4
Rodri,38.4,22.7
Rodri,56.1,28.4
Rodri,67.5,55.0
Rodri,71.0,47.4
Rodri,59.8,46.3
Rodri,62.0,51.4
Rodri,80.6,48.9
Rodri,49.0,32.2
Rodri,75.8,23.9
Rodri,74.3,18.9
Rodri,80.6,33.9
Rodri,76.1,37.7
Rodri,25.7,24.8
Rodri,67.8,46.1
Rodri,72.7,40.4
Rodri,54.1,36.3
Rodri,55.8,36.4
Rodri,67.8,43.2
Rodri,25.3,42.8
Rodri,66.2,31.6
Rodri,45.7,36.7
Rodri,70.9,42.0
Rodri,70.2,27.9
Rodri,69.0,41.0
Rodri,61.0,42.5
Lamine Yamal,87.6,56.5
Lamine Yamal,98.9,46.3
Lamine Yamal,99.5,48.6
Lamine Yamal,91.0,59.2
Lamine Yamal,71.6,54.7
Lamine Yamal,75.6,49.8
Lamine Yamal,88.1,63.7
Lamine Yamal,84.0,65.7
Lamine Yamal,80.4,56.8
Lamine Yamal,82.8,56.0
Lamine Yamal,89.9,64.1
Lamine Yamal,93.3,57.7
Lamine Yamal,38.4,50.9
Lamine Yamal,34.5,53.0
Lamine Yamal,34.2,49.8
Lamine Yamal,44.6,48.4
Lamine Yamal,44.2,65.0
Lamine Yamal,37.4,63.6
Lamine Yamal,46.2,64.1
Lamine Yamal,81.7,63.5
Lamine Yamal,47.7,65.7
Lamine Yamal,19.7,65.7
Lamine Yamal,19.7,65.7
Lamine Yamal,75.6,63.7
Lamine Yamal,75.3,61.8
Lamine Yamal,72.7,62.4
Lamine Yamal,67.2,56.5
Lamine Yamal,67.7,53.7
Lamine Yamal,69.9,51.9
Lamine Yamal,72.1,49.4
Lamine Yamal,39.9,60.5
Lamine Yamal,68.3,65.3
Lamine Yamal,69.5,45.1
Lamine Yamal,51.1,36.4
Lamine Yamal,49.5,31.6
Lamine Yamal,47.9,29.6
Lamine Yamal,49.9,18.0
Lamine Yamal,58.0,24.6
Lamine Yamal,85.7,50.0
Lamine Yamal,93.0,62.6
Lamine Yamal,61.6,50.7
Lamine Yamal,59.5,51.6
Lamine Yamal,74.4,58.0
Lamine Yamal,81.3,50.4
Lamine Yamal,94.0,57.4
Lamine Yamal,95.8,59.5
Lamine Yamal,104.5,67.7
Lamine Yamal,90.5,59.3
Lamine Yamal,97.8,38.5
Lamine Yamal,104.5,67.7
Lamine Yamal,94.6,59.3
Lamine Yamal,104.9,50.7
Lamine Yamal,72.4,61.6
Lamine Yamal,73.4,64.1
Lamine Yamal,81.9,55.7
Lamine Yamal,73.8,64.3
Lamine Yamal,69.8,62.6
Lamine Yamal,83.7,53.1
Lamine Yamal,97.4,49.5
Lamine Yamal,101.7,47.5
Lamine Yamal,83.4,63.9
Lamine Yamal,55.5,63.0
Lamine Yamal,49.8,62.4
Lamine Yamal,49.5,62.2
Lamine Yamal,104.5,67.7
Lamine Yamal,41.7,58.4
Lamine Yamal,79.7,61.8
Lamine Yamal,79.7,61.8
Lamine Yamal,78.3,56.7
Lamine Yamal,81.7,60.9
Lamine Yamal,55.9,58.1
Lamine Yamal,80.5,45.6
Lamine Yamal,89.2,56.6
Lamine Yamal,80.8,31.7
Lamine Yamal,103.3,36.9
Lamine Yamal,72.5,62.2
Lamine Yamal,85.4,61.8
Lamine Yamal,84.3,57.0
Lamine Yamal,84.0,55.8
Lamine Yamal,96.0,49.6
Lamine Yamal,83.2,58.6
Lamine Yamal,75.1,63.0
Lamine Yamal,74.3,59.9
Lamine Yamal,65.1,61.0
Lamine Yamal,84.1,63.7
Lamine Yamal,91.5,60.4
Lamine Yamal,83.2,46.3
Lamine Yamal,72.9,63.3
Lamine Yamal,84.0,60.7
Lamine Yamal,82.3,62.2
Lamine Yamal,88.8,62.4
Lamine Yamal,46.4,40.6
Lamine Yamal,46.0,43.7
Lamine Yamal,44.8,64.5
Lamine Yamal,57.6,62.4
Lamine Yamal,61.3,25.1
Lamine Yamal,46.1,31.9
Lamine Yamal,32.4,54.9
Lamine Yamal,76.4,61.8
Pedri,69.1,62.4
Pedri,71.5,62.4
Pedri,68.3,34.4
Pedri,82.5,25.1
Pedri,56.7,35.8
Pedri,63.7,6.0
Pedri,12.3,24.2
Pedri,38.6,22.6
Pedri,40.7,42.9
Pedri,40.7,42.9
Pedri,48.4,41.0
Pedri,57.7,46.5
Pedri,72.7,24.8
Pedri,84.3,22.0
Pedri,84.0,15.8
Pedri,87.2,31.3
Pedri,44.8,14.7
Pedri,62.6,42.9
Pedri,89.5,50.3
Pedri,70.2,35.3
Pedri,73.8,31.1
Pedri,76.9,58.2
Pedri,68.6,10.0
Pedri,55.9,5.4
Pedri,31.5,17.3
Pedri,34.2,52.3
Pedri,61.5,58.7
Pedri,60.9,42.8
Pedri,77.5,12.6
Pedri,75.7,13.4
Pedri,68.8,14.3
Pedri,40.0,19.1
Pedri,45.7,14.3
Pedri,74.9,12.3
Pedri,91.7,56.4
Pedri,71.0,36.0
Pedri,79.6,16.9
Pedri,73.4,17.7
Pedri,56.1,13.2
Pedri,78.9,51.6
Pedri,83.7,46.7
Pedri,74.5,38.0
Pedri,76.4,31.9
Pedri,60.4,22.5
Pedri,67.3,20.8
Pedri,66.5,23.8
Pedri,56.0,28.0
Pedri,40.3,43.4
Pedri,74.5,25.5
Pedri,61.2,44.0
Pedri,78.0,37.8
Pedri,77.0,36.3
Pedri,76.3,32.9
Pedri,82.0,45.7
Pedri,31.8,5.6
Pedri,34.7,22.2
Pedri,74.8,27.5
Pedri,37.4,44.6
Pedri,47.9,43.9
Pedri,72.6,41.4
Pedri,76.2,32.0
Pedri,57.8,20.8
Pedri,70.8,30.3
Pedri,67.7,23.4
Pedri,71.7,21.1
Pedri,73.3,25.0
Pedri,26.7,12.9
Pedri,28.6,12.6
Pedri,41.4,16.9
Pedri,58.6,12.4
Pedri,39.3,30.9
Pedri,46.6,18.0
Pedri,35.8,20.7
Pedri,44.1,43.6
Pedri,67.7,15.0
Pedri,70.2,10.6
Pedri,32.7,7.3
Pedri,26.2,3.7
Pedri,36.3,4.1
Ferran Torres,81.9,61.8
Ferran Torres,97.3,37.7
Ferran Torres,82.3,20.8
Ferran Torres,92.1,45.3
Ferran Torres,84.2,42.5
Ferran Torres,95.0,49.5
Ferran Torres,93.8,41.2
Ferran Torres,60.9,11.5
Ferran Torres,81.9,30.4
Ferran Torres,52.8,34.0
Ferran Torres,85.7,50.7
Ferran Torres,85.0,47.3
Ferran Torres,102.8,51.4
Ferran Torres,89.3,43.6
Ferran Torres,46.0,46.1
Ferran Torres,85.0,42.3
Ferran Torres,22.1,64.7
Ferran Torres,96.6,29.9
Ferran Torres,66.5,16.3
Ferran Torres,55.6,26.8
Ferran Torres,72.4,8.7
Ferran Torres,19.6,30.4
Ferran Torres,89.2,2.5
Mikel Merino,69.8,22.9
Mikel Merino,73.4,48.1
Mikel Merino,70.9,55.8
Mikel Merino,103.9,40.3
Mikel Merino,83.1,61.1
Mikel Merino,34.1,55.3
Mikel Merino,79.3,39.4
Mikel Merino,77.9,43.8
Mikel Merino,77.9,43.8
Mikel Merino,75.5,47.4
Mikel Merino,38.4,22.7
Mikel Merino,60.5,62.4
Mikel Merino,41.3,58.8
Mikel Merino,78.8,50.0
Mikel Merino,93.1,47.7
Mikel Merino,49.5,16.2
Mikel Merino,50.9,17.4
Mikel Merino,67.7,59.3
Mikel Merino,85.8,39.2
Mikel Merino,77.0,32.9
Mikel Merino,93.3,36.1
Mikel Merino,69.0,36.2
Mikel Merino,66.6,37.7
Mikel Merino,97.9,33.5
Mikel Merino,46.2,27.9
Mikel Merino,71.5,27.2
Mikel Merino,33.6,55.5
Mikel Merino,33.6,55.5
Mikel Merino,27.1,42.8
Mikel Merino,28.4,46.9
Mikel Merino,27.8,50.6
Mikel Merino,40.9,56.7
Mikel Merino,43.1,58.6
Mikel Merino,48.5,55.8
Mikel Merino,41.0,43.4
Mikel Merino,42.8,53.1
Mikel Merino,15.5,25.4
Mikel Merino,47.4,27.9
Mikel Merino,55.4,45.7
Mikel Merino,13.1,40.1
Nico Williams,86.6,6.0
Nico Williams,64.5,16.7
Nico Williams,104.1,8.7
Nico Williams,102.8,10.8
Nico Williams,104.6,0.4
Nico Williams,54.6,3.0
Nico Williams,85.4,61.4
Nico Williams,103.9,50.8
Nico Williams,73.4,3.3
Nico Williams,65.1,3.5
Nico Williams,79.8,4.3
Nico Williams,87.8,11.1
Nico Williams,92.2,2.9
Nico Williams,93.2,4.1
Nico Williams,94.8,11.4
Nico Williams,94.3,11.4
Nico Williams,50.2,8.6
Nico Williams,89.7,48.3
Nico Williams,81.9,3.7
Nico Williams,104.5,67.7
Nico Williams,96.0,55.6
Nico Williams,65.7,3.7
Nico Williams,89.5,3.5
Nico Williams,78.3,4.1
Nico Williams,97.8,33.2
Nico Williams,76.4,5.0
Nico Williams,92.2,5.7
Nico Williams,83.8,16.6
Nico Williams,46.4,43.0
Nico Williams,79.1,10.6
Nico Williams,89.6,11.2
Nico Williams,83.7,12.2
Nico Williams,70.9,4.5
Nico Williams,78.3,29.4
Nico Williams,59.3,9.3
Nico Williams,59.6,5.6
Nico Williams,103.0,27.1
Nico Williams,39.2,6.2
Nico Williams,61.2,3.7
Nico Williams,73.9,4.7
Nico Williams,45.2,7.3
Nico Williams,62.4,14.3
Nico Williams,81.3,9.3
Nico Williams,95.6,18.5
Nico Williams,41.3,12.5
Nico Williams,72.1,5.1
Martín Zubimendi,72.5,26.8
Martín Zubimendi,55.4,28.7
Martín Zubimendi,77.3,21.6
Martín Zubimendi,78.3,12.9
Martín Zubimendi,78.4,19.9
Martín Zubimendi,73.3,42.1
Martín Zubimendi,26.5,55.6
Martín Zubimendi,27.6,55.3
Martín Zubimendi,41.6,51.4
Martín Zubimendi,68.2,66.0
Martín Zubimendi,55.0,43.4
Martín Zubimendi,70.4,42.7
Martín Zubimendi,66.4,46.9
Martín Zubimendi,47.3,28.9
Martín Zubimendi,11.5,20.8
Martín Zubimendi,27.5,43.2
Martín Zubimendi,54.8,6.8
Martín Zubimendi,36.5,25.9
Martín Zubimendi,26.8,41.7
Martín Zubimendi,15.6,37.4
Martín Zubimendi,19.9,18.7
Martín Zubimendi,34.3,42.8
Martín Zubimendi,35.9,58.8
Martín Zubimendi,58.7,16.9
Martín Zubimendi,50.1,22.1
Martín Zubimendi,33.2,29.5
Martín Zubimendi,33.2,29.5
Martín Zubimendi,48.3,27.5
Martín Zubimendi,48.3,27.5
Martín Zubimendi,4.1,27.9
Martín Zubimendi,3.6,27.9
Martín Zubimendi,3.9,26.9
Martín Zubimendi,36.9,35.8
Martín Zubimendi,66.0,49.1
Martín Zubimendi,58.7,34.8
Eric García,35.5,48.8
Eric García,66.9,22.4
Eric García,24.0,19.1
Eric García,24.0,19.1
Eric García,56.9,22.3
Eric García,27.6,8.1
Eric García,27.1,9.1
Eric García,62.9,25.9
Eric García,41.1,11.5
Eric García,22.5,17.0
Eric García,10.2,18.7
Eric García,25.8,9.1
Eric García,23.8,7.6
Eric García,47.5,21.1
Eric García,9.7,23.2
Eric García,9.8,22.6
Eric García,62.0,43.9
Eric García,57.0,40.2
Eric García,38.2,25.2
